PacketName,Size,CreateTime,EndTime,Duration,HopCount,SourceAddress
pk-host0-to-host1-#0,1500,+0ns,+1.26438e+07ns,12643750,1,1.0.0.1
pk-host1-to-host2-#2,1500,+0ns,+1.26438e+07ns,12643750,1,1.0.0.2
pk-host2-to-host1-#4,1500,+0ns,+1.26438e+07ns,12643750,1,1.0.0.3
pk-host3-to-host1-#6,1500,+0ns,+1.26438e+07ns,12643750,1,1.0.0.4
pk-host0-to-host1-#1,1500,+0ns,+2.46438e+07ns,24643750,1,1.0.0.1
pk-host1-to-host2-#3,1500,+0ns,+2.46438e+07ns,24643750,1,1.0.0.2
pk-host2-to-host1-#5,1500,+0ns,+2.46438e+07ns,24643750,1,1.0.0.3
pk-host3-to-host1-#7,1500,+0ns,+2.46438e+07ns,24643750,1,1.0.0.4
pk-host0-to-host1-#10,1500,+1e+07ns,+3.66438e+07ns,26643750,1,1.0.0.1
pk-host1-to-host2-#12,1500,+1e+07ns,+3.66438e+07ns,26643750,1,1.0.0.2
pk-host2-to-host1-#14,1500,+1e+07ns,+3.66438e+07ns,26643750,1,1.0.0.3
pk-host3-to-host1-#16,1500,+1e+07ns,+3.66438e+07ns,26643750,1,1.0.0.4
pk-host0-to-host1-#11,1500,+1e+07ns,+4.86438e+07ns,38643750,1,1.0.0.1
pk-host1-to-host2-#13,1500,+1e+07ns,+4.86438e+07ns,38643750,1,1.0.0.2
pk-host2-to-host1-#15,1500,+1e+07ns,+4.86438e+07ns,38643750,1,1.0.0.3
pk-host3-to-host1-#17,1500,+1e+07ns,+4.86438e+07ns,38643750,1,1.0.0.4
pk-host0-to-host1-#20,1500,+2e+07ns,+6.06438e+07ns,40643750,1,1.0.0.1
pk-host1-to-host2-#22,1500,+2e+07ns,+6.06438e+07ns,40643750,1,1.0.0.2
pk-host2-to-host1-#24,1500,+2e+07ns,+6.06438e+07ns,40643750,1,1.0.0.3
pk-host4-to-host1-#8,1500,+0ns,+6.06438e+07ns,60643750,2,1.0.0.5
pk-host0-to-host1-#21,1500,+2e+07ns,+7.26438e+07ns,52643750,1,1.0.0.1
pk-host1-to-host2-#23,1500,+2e+07ns,+7.26438e+07ns,52643750,1,1.0.0.2
pk-host2-to-host1-#25,1500,+2e+07ns,+7.26438e+07ns,52643750,1,1.0.0.3
pk-host3-to-host1-#26,1500,+2e+07ns,+7.26438e+07ns,52643750,1,1.0.0.4
pk-host0-to-host1-#30,1500,+3e+07ns,+8.46438e+07ns,54643750,1,1.0.0.1
pk-host1-to-host2-#32,1500,+3e+07ns,+8.46438e+07ns,54643750,1,1.0.0.2
pk-host2-to-host1-#34,1500,+3e+07ns,+8.46438e+07ns,54643750,1,1.0.0.3
pk-host3-to-host1-#27,1500,+2e+07ns,+8.46438e+07ns,64643750,1,1.0.0.4
pk-host0-to-host1-#31,1500,+3e+07ns,+9.66438e+07ns,66643750,1,1.0.0.1
pk-host1-to-host2-#33,1500,+3e+07ns,+9.66438e+07ns,66643750,1,1.0.0.2
pk-host2-to-host1-#35,1500,+3e+07ns,+9.66438e+07ns,66643750,1,1.0.0.3
pk-host4-to-host1-#9,1500,+0ns,+9.66438e+07ns,96643750,2,1.0.0.5
pk-host0-to-host1-#40,1500,+4e+07ns,+1.08644e+08ns,68643750,1,1.0.0.1
pk-host1-to-host2-#42,1500,+4e+07ns,+1.08644e+08ns,68643750,1,1.0.0.2
pk-host2-to-host1-#44,1500,+4e+07ns,+1.08644e+08ns,68643750,1,1.0.0.3
pk-host3-to-host1-#36,1500,+3e+07ns,+1.08644e+08ns,78643750,1,1.0.0.4
pk-host0-to-host1-#41,1500,+4e+07ns,+1.20644e+08ns,80643750,1,1.0.0.1
pk-host1-to-host2-#43,1500,+4e+07ns,+1.20644e+08ns,80643750,1,1.0.0.2
pk-host2-to-host1-#45,1500,+4e+07ns,+1.20644e+08ns,80643750,1,1.0.0.3
pk-host3-to-host1-#37,1500,+3e+07ns,+1.20644e+08ns,90643750,1,1.0.0.4
pk-host0-to-host1-#50,1500,+5e+07ns,+1.32644e+08ns,82643750,1,1.0.0.1
pk-host1-to-host2-#52,1500,+5e+07ns,+1.32644e+08ns,82643750,1,1.0.0.2
pk-host2-to-host1-#54,1500,+5e+07ns,+1.32644e+08ns,82643750,1,1.0.0.3
pk-host4-to-host1-#18,1500,+1e+07ns,+1.32644e+08ns,122643750,2,1.0.0.5
pk-host0-to-host1-#51,1500,+5e+07ns,+1.44644e+08ns,94643750,1,1.0.0.1
pk-host1-to-host2-#53,1500,+5e+07ns,+1.44644e+08ns,94643750,1,1.0.0.2
pk-host2-to-host1-#55,1500,+5e+07ns,+1.44644e+08ns,94643750,1,1.0.0.3
pk-host3-to-host1-#46,1500,+4e+07ns,+1.44644e+08ns,104643750,1,1.0.0.4
pk-host0-to-host1-#60,1500,+6e+07ns,+1.56644e+08ns,96643750,1,1.0.0.1
pk-host1-to-host2-#62,1500,+6e+07ns,+1.56644e+08ns,96643750,1,1.0.0.2
pk-host2-to-host1-#64,1500,+6e+07ns,+1.56644e+08ns,96643750,1,1.0.0.3
pk-host3-to-host1-#47,1500,+4e+07ns,+1.56644e+08ns,116643750,1,1.0.0.4
pk-host0-to-host1-#61,1500,+6e+07ns,+1.68644e+08ns,108643750,1,1.0.0.1
pk-host1-to-host2-#63,1500,+6e+07ns,+1.68644e+08ns,108643750,1,1.0.0.2
pk-host2-to-host1-#65,1500,+6e+07ns,+1.68644e+08ns,108643750,1,1.0.0.3
pk-host4-to-host1-#19,1500,+1e+07ns,+1.68644e+08ns,158643750,2,1.0.0.5
pk-host0-to-host1-#70,1500,+7e+07ns,+1.80644e+08ns,110643750,1,1.0.0.1
pk-host1-to-host2-#72,1500,+7e+07ns,+1.80644e+08ns,110643750,1,1.0.0.2
pk-host2-to-host1-#74,1500,+7e+07ns,+1.80644e+08ns,110643750,1,1.0.0.3
pk-host3-to-host1-#56,1500,+5e+07ns,+1.80644e+08ns,130643750,1,1.0.0.4
pk-host0-to-host1-#71,1500,+7e+07ns,+1.92644e+08ns,122643750,1,1.0.0.1
pk-host1-to-host2-#73,1500,+7e+07ns,+1.92644e+08ns,122643750,1,1.0.0.2
pk-host2-to-host1-#75,1500,+7e+07ns,+1.92644e+08ns,122643750,1,1.0.0.3
pk-host3-to-host1-#57,1500,+5e+07ns,+1.92644e+08ns,142643750,1,1.0.0.4
pk-host0-to-host1-#80,1500,+8e+07ns,+2.04644e+08ns,124643750,1,1.0.0.1
pk-host1-to-host2-#82,1500,+8e+07ns,+2.04644e+08ns,124643750,1,1.0.0.2
pk-host2-to-host1-#84,1500,+8e+07ns,+2.04644e+08ns,124643750,1,1.0.0.3
pk-host3-to-host1-#66,1500,+6e+07ns,+2.04644e+08ns,144643750,1,1.0.0.4
pk-host0-to-host1-#81,1500,+8e+07ns,+2.16644e+08ns,136643750,1,1.0.0.1
pk-host1-to-host2-#83,1500,+8e+07ns,+2.16644e+08ns,136643750,1,1.0.0.2
pk-host2-to-host1-#85,1500,+8e+07ns,+2.16644e+08ns,136643750,1,1.0.0.3
pk-host3-to-host1-#67,1500,+6e+07ns,+2.16644e+08ns,156643750,1,1.0.0.4
pk-host0-to-host1-#90,1500,+9e+07ns,+2.28644e+08ns,138643750,1,1.0.0.1
pk-host1-to-host2-#92,1500,+9e+07ns,+2.28644e+08ns,138643750,1,1.0.0.2
pk-host2-to-host1-#94,1500,+9e+07ns,+2.28644e+08ns,138643750,1,1.0.0.3
pk-host4-to-host1-#28,1500,+2e+07ns,+2.28644e+08ns,208643750,2,1.0.0.5
pk-host0-to-host1-#91,1500,+9e+07ns,+2.40644e+08ns,150643750,1,1.0.0.1
pk-host1-to-host2-#93,1500,+9e+07ns,+2.40644e+08ns,150643750,1,1.0.0.2
pk-host2-to-host1-#95,1500,+9e+07ns,+2.40644e+08ns,150643750,1,1.0.0.3
pk-host3-to-host1-#76,1500,+7e+07ns,+2.40644e+08ns,170643750,1,1.0.0.4
pk-host0-to-host1-#100,1500,+1e+08ns,+2.52644e+08ns,152643750,1,1.0.0.1
pk-host1-to-host2-#102,1500,+1e+08ns,+2.52644e+08ns,152643750,1,1.0.0.2
pk-host2-to-host1-#104,1500,+1e+08ns,+2.52644e+08ns,152643750,1,1.0.0.3
pk-host3-to-host1-#77,1500,+7e+07ns,+2.52644e+08ns,182643750,1,1.0.0.4
pk-host0-to-host1-#101,1500,+1e+08ns,+2.64644e+08ns,164643750,1,1.0.0.1
pk-host1-to-host2-#103,1500,+1e+08ns,+2.64644e+08ns,164643750,1,1.0.0.2
pk-host2-to-host1-#105,1500,+1e+08ns,+2.64644e+08ns,164643750,1,1.0.0.3
pk-host4-to-host1-#29,1500,+2e+07ns,+2.64644e+08ns,244643750,2,1.0.0.5
pk-host0-to-host1-#110,1500,+1.1e+08ns,+2.76644e+08ns,166643750,1,1.0.0.1
pk-host1-to-host2-#112,1500,+1.1e+08ns,+2.76644e+08ns,166643750,1,1.0.0.2
pk-host2-to-host1-#114,1500,+1.1e+08ns,+2.76644e+08ns,166643750,1,1.0.0.3
pk-host3-to-host1-#86,1500,+8e+07ns,+2.76644e+08ns,196643750,1,1.0.0.4
pk-host0-to-host1-#111,1500,+1.1e+08ns,+2.88644e+08ns,178643750,1,1.0.0.1
pk-host1-to-host2-#113,1500,+1.1e+08ns,+2.88644e+08ns,178643750,1,1.0.0.2
pk-host2-to-host1-#115,1500,+1.1e+08ns,+2.88644e+08ns,178643750,1,1.0.0.3
pk-host3-to-host1-#87,1500,+8e+07ns,+2.88644e+08ns,208643750,1,1.0.0.4
pk-host0-to-host1-#120,1500,+1.2e+08ns,+3.00644e+08ns,180643750,1,1.0.0.1
pk-host1-to-host2-#122,1500,+1.2e+08ns,+3.00644e+08ns,180643750,1,1.0.0.2
pk-host2-to-host1-#124,1500,+1.2e+08ns,+3.00644e+08ns,180643750,1,1.0.0.3
pk-host4-to-host1-#38,1500,+3e+07ns,+3.00644e+08ns,270643750,2,1.0.0.5
pk-host0-to-host1-#121,1500,+1.2e+08ns,+3.12644e+08ns,192643750,1,1.0.0.1
pk-host1-to-host2-#123,1500,+1.2e+08ns,+3.12644e+08ns,192643750,1,1.0.0.2
pk-host2-to-host1-#125,1500,+1.2e+08ns,+3.12644e+08ns,192643750,1,1.0.0.3
pk-host3-to-host1-#96,1500,+9e+07ns,+3.12644e+08ns,222643750,1,1.0.0.4
pk-host0-to-host1-#130,1500,+1.3e+08ns,+3.24644e+08ns,194643750,1,1.0.0.1
pk-host1-to-host2-#132,1500,+1.3e+08ns,+3.24644e+08ns,194643750,1,1.0.0.2
pk-host2-to-host1-#134,1500,+1.3e+08ns,+3.24644e+08ns,194643750,1,1.0.0.3
pk-host3-to-host1-#97,1500,+9e+07ns,+3.24644e+08ns,234643750,1,1.0.0.4
pk-host0-to-host1-#131,1500,+1.3e+08ns,+3.36644e+08ns,206643750,1,1.0.0.1
pk-host1-to-host2-#133,1500,+1.3e+08ns,+3.36644e+08ns,206643750,1,1.0.0.2
pk-host2-to-host1-#135,1500,+1.3e+08ns,+3.36644e+08ns,206643750,1,1.0.0.3
pk-host4-to-host1-#39,1500,+3e+07ns,+3.36644e+08ns,306643750,2,1.0.0.5
pk-host0-to-host1-#140,1500,+1.4e+08ns,+3.48644e+08ns,208643750,1,1.0.0.1
pk-host1-to-host2-#142,1500,+1.4e+08ns,+3.48644e+08ns,208643750,1,1.0.0.2
pk-host2-to-host1-#144,1500,+1.4e+08ns,+3.48644e+08ns,208643750,1,1.0.0.3
pk-host3-to-host1-#106,1500,+1e+08ns,+3.48644e+08ns,248643750,1,1.0.0.4
pk-host0-to-host1-#141,1500,+1.4e+08ns,+3.60644e+08ns,220643750,1,1.0.0.1
pk-host1-to-host2-#143,1500,+1.4e+08ns,+3.60644e+08ns,220643750,1,1.0.0.2
pk-host2-to-host1-#145,1500,+1.4e+08ns,+3.60644e+08ns,220643750,1,1.0.0.3
pk-host3-to-host1-#107,1500,+1e+08ns,+3.60644e+08ns,260643750,1,1.0.0.4
pk-host0-to-host1-#150,1500,+1.5e+08ns,+3.72644e+08ns,222643750,1,1.0.0.1
pk-host1-to-host2-#152,1500,+1.5e+08ns,+3.72644e+08ns,222643750,1,1.0.0.2
pk-host2-to-host1-#154,1500,+1.5e+08ns,+3.72644e+08ns,222643750,1,1.0.0.3
pk-host4-to-host1-#48,1500,+4e+07ns,+3.72644e+08ns,332643750,2,1.0.0.5
pk-host0-to-host1-#151,1500,+1.5e+08ns,+3.84644e+08ns,234643750,1,1.0.0.1
pk-host1-to-host2-#153,1500,+1.5e+08ns,+3.84644e+08ns,234643750,1,1.0.0.2
pk-host2-to-host1-#155,1500,+1.5e+08ns,+3.84644e+08ns,234643750,1,1.0.0.3
pk-host3-to-host1-#116,1500,+1.1e+08ns,+3.84644e+08ns,274643750,1,1.0.0.4
pk-host0-to-host1-#160,1500,+1.6e+08ns,+3.96644e+08ns,236643750,1,1.0.0.1
pk-host1-to-host2-#162,1500,+1.6e+08ns,+3.96644e+08ns,236643750,1,1.0.0.2
pk-host2-to-host1-#164,1500,+1.6e+08ns,+3.96644e+08ns,236643750,1,1.0.0.3
pk-host3-to-host1-#117,1500,+1.1e+08ns,+3.96644e+08ns,286643750,1,1.0.0.4
pk-host0-to-host1-#161,1500,+1.6e+08ns,+4.08644e+08ns,248643750,1,1.0.0.1
pk-host1-to-host2-#163,1500,+1.6e+08ns,+4.08644e+08ns,248643750,1,1.0.0.2
pk-host2-to-host1-#165,1500,+1.6e+08ns,+4.08644e+08ns,248643750,1,1.0.0.3
pk-host3-to-host1-#126,1500,+1.2e+08ns,+4.08644e+08ns,288643750,1,1.0.0.4
pk-host0-to-host1-#170,1500,+1.7e+08ns,+4.20644e+08ns,250643750,1,1.0.0.1
pk-host1-to-host2-#172,1500,+1.7e+08ns,+4.20644e+08ns,250643750,1,1.0.0.2
pk-host2-to-host1-#174,1500,+1.7e+08ns,+4.20644e+08ns,250643750,1,1.0.0.3
pk-host3-to-host1-#127,1500,+1.2e+08ns,+4.20644e+08ns,300643750,1,1.0.0.4
pk-host0-to-host1-#171,1500,+1.7e+08ns,+4.32644e+08ns,262643750,1,1.0.0.1
pk-host1-to-host2-#173,1500,+1.7e+08ns,+4.32644e+08ns,262643750,1,1.0.0.2
pk-host2-to-host1-#175,1500,+1.7e+08ns,+4.32644e+08ns,262643750,1,1.0.0.3
pk-host4-to-host1-#49,1500,+4e+07ns,+4.32644e+08ns,392643750,2,1.0.0.5
pk-host0-to-host1-#180,1500,+1.8e+08ns,+4.44644e+08ns,264643750,1,1.0.0.1
pk-host1-to-host2-#182,1500,+1.8e+08ns,+4.44644e+08ns,264643750,1,1.0.0.2
pk-host2-to-host1-#184,1500,+1.8e+08ns,+4.44644e+08ns,264643750,1,1.0.0.3
pk-host3-to-host1-#136,1500,+1.3e+08ns,+4.44644e+08ns,314643750,1,1.0.0.4
pk-host0-to-host1-#181,1500,+1.8e+08ns,+4.56644e+08ns,276643750,1,1.0.0.1
pk-host1-to-host2-#183,1500,+1.8e+08ns,+4.56644e+08ns,276643750,1,1.0.0.2
pk-host2-to-host1-#185,1500,+1.8e+08ns,+4.56644e+08ns,276643750,1,1.0.0.3
pk-host3-to-host1-#137,1500,+1.3e+08ns,+4.56644e+08ns,326643750,1,1.0.0.4
pk-host0-to-host1-#190,1500,+1.9e+08ns,+4.68644e+08ns,278643750,1,1.0.0.1
pk-host1-to-host2-#192,1500,+1.9e+08ns,+4.68644e+08ns,278643750,1,1.0.0.2
pk-host2-to-host1-#194,1500,+1.9e+08ns,+4.68644e+08ns,278643750,1,1.0.0.3
pk-host4-to-host1-#58,1500,+5e+07ns,+4.68644e+08ns,418643750,2,1.0.0.5
pk-host0-to-host1-#191,1500,+1.9e+08ns,+4.80644e+08ns,290643750,1,1.0.0.1
pk-host1-to-host2-#193,1500,+1.9e+08ns,+4.80644e+08ns,290643750,1,1.0.0.2
pk-host2-to-host1-#195,1500,+1.9e+08ns,+4.80644e+08ns,290643750,1,1.0.0.3
pk-host3-to-host1-#146,1500,+1.4e+08ns,+4.80644e+08ns,340643750,1,1.0.0.4
pk-host0-to-host1-#200,1500,+2e+08ns,+4.92644e+08ns,292643750,1,1.0.0.1
pk-host1-to-host2-#202,1500,+2e+08ns,+4.92644e+08ns,292643750,1,1.0.0.2
pk-host2-to-host1-#204,1500,+2e+08ns,+4.92644e+08ns,292643750,1,1.0.0.3
pk-host3-to-host1-#147,1500,+1.4e+08ns,+4.92644e+08ns,352643750,1,1.0.0.4
pk-host0-to-host1-#201,1500,+2e+08ns,+5.04644e+08ns,304643750,1,1.0.0.1
pk-host1-to-host2-#203,1500,+2e+08ns,+5.04644e+08ns,304643750,1,1.0.0.2
pk-host2-to-host1-#205,1500,+2e+08ns,+5.04644e+08ns,304643750,1,1.0.0.3
pk-host4-to-host1-#59,1500,+5e+07ns,+5.04644e+08ns,454643750,2,1.0.0.5
pk-host0-to-host1-#210,1500,+2.1e+08ns,+5.16644e+08ns,306643750,1,1.0.0.1
pk-host1-to-host2-#212,1500,+2.1e+08ns,+5.16644e+08ns,306643750,1,1.0.0.2
pk-host2-to-host1-#214,1500,+2.1e+08ns,+5.16644e+08ns,306643750,1,1.0.0.3
pk-host3-to-host1-#156,1500,+1.5e+08ns,+5.16644e+08ns,366643750,1,1.0.0.4
pk-host0-to-host1-#211,1500,+2.1e+08ns,+5.28644e+08ns,318643750,1,1.0.0.1
pk-host1-to-host2-#213,1500,+2.1e+08ns,+5.28644e+08ns,318643750,1,1.0.0.2
pk-host2-to-host1-#215,1500,+2.1e+08ns,+5.28644e+08ns,318643750,1,1.0.0.3
pk-host3-to-host1-#157,1500,+1.5e+08ns,+5.28644e+08ns,378643750,1,1.0.0.4
pk-host0-to-host1-#220,1500,+2.2e+08ns,+5.40644e+08ns,320643750,1,1.0.0.1
pk-host1-to-host2-#222,1500,+2.2e+08ns,+5.40644e+08ns,320643750,1,1.0.0.2
pk-host2-to-host1-#224,1500,+2.2e+08ns,+5.40644e+08ns,320643750,1,1.0.0.3
pk-host4-to-host1-#68,1500,+6e+07ns,+5.40644e+08ns,480643750,2,1.0.0.5
pk-host0-to-host1-#221,1500,+2.2e+08ns,+5.52644e+08ns,332643750,1,1.0.0.1
pk-host1-to-host2-#223,1500,+2.2e+08ns,+5.52644e+08ns,332643750,1,1.0.0.2
pk-host2-to-host1-#225,1500,+2.2e+08ns,+5.52644e+08ns,332643750,1,1.0.0.3
pk-host3-to-host1-#166,1500,+1.6e+08ns,+5.52644e+08ns,392643750,1,1.0.0.4
pk-host0-to-host1-#230,1500,+2.3e+08ns,+5.64644e+08ns,334643750,1,1.0.0.1
pk-host1-to-host2-#232,1500,+2.3e+08ns,+5.64644e+08ns,334643750,1,1.0.0.2
pk-host2-to-host1-#234,1500,+2.3e+08ns,+5.64644e+08ns,334643750,1,1.0.0.3
pk-host3-to-host1-#167,1500,+1.6e+08ns,+5.64644e+08ns,404643750,1,1.0.0.4
pk-host0-to-host1-#231,1500,+2.3e+08ns,+5.76644e+08ns,346643750,1,1.0.0.1
pk-host1-to-host2-#233,1500,+2.3e+08ns,+5.76644e+08ns,346643750,1,1.0.0.2
pk-host2-to-host1-#235,1500,+2.3e+08ns,+5.76644e+08ns,346643750,1,1.0.0.3
pk-host4-to-host1-#69,1500,+6e+07ns,+5.76644e+08ns,516643750,2,1.0.0.5
pk-host0-to-host1-#240,1500,+2.4e+08ns,+5.88644e+08ns,348643750,1,1.0.0.1
pk-host1-to-host2-#242,1500,+2.4e+08ns,+5.88644e+08ns,348643750,1,1.0.0.2
pk-host2-to-host1-#244,1500,+2.4e+08ns,+5.88644e+08ns,348643750,1,1.0.0.3
pk-host3-to-host1-#176,1500,+1.7e+08ns,+5.88644e+08ns,418643750,1,1.0.0.4
pk-host0-to-host1-#241,1500,+2.4e+08ns,+6.00644e+08ns,360643750,1,1.0.0.1
pk-host1-to-host2-#243,1500,+2.4e+08ns,+6.00644e+08ns,360643750,1,1.0.0.2
pk-host2-to-host1-#245,1500,+2.4e+08ns,+6.00644e+08ns,360643750,1,1.0.0.3
pk-host3-to-host1-#177,1500,+1.7e+08ns,+6.00644e+08ns,430643750,1,1.0.0.4
pk-host0-to-host1-#250,1500,+2.5e+08ns,+6.12644e+08ns,362643750,1,1.0.0.1
pk-host1-to-host2-#252,1500,+2.5e+08ns,+6.12644e+08ns,362643750,1,1.0.0.2
pk-host2-to-host1-#254,1500,+2.5e+08ns,+6.12644e+08ns,362643750,1,1.0.0.3
pk-host3-to-host1-#186,1500,+1.8e+08ns,+6.12644e+08ns,432643750,1,1.0.0.4
pk-host0-to-host1-#251,1500,+2.5e+08ns,+6.24644e+08ns,374643750,1,1.0.0.1
pk-host1-to-host2-#253,1500,+2.5e+08ns,+6.24644e+08ns,374643750,1,1.0.0.2
pk-host2-to-host1-#255,1500,+2.5e+08ns,+6.24644e+08ns,374643750,1,1.0.0.3
pk-host3-to-host1-#187,1500,+1.8e+08ns,+6.24644e+08ns,444643750,1,1.0.0.4
pk-host0-to-host1-#260,1500,+2.6e+08ns,+6.36644e+08ns,376643750,1,1.0.0.1
pk-host1-to-host2-#262,1500,+2.6e+08ns,+6.36644e+08ns,376643750,1,1.0.0.2
pk-host2-to-host1-#264,1500,+2.6e+08ns,+6.36644e+08ns,376643750,1,1.0.0.3
pk-host4-to-host1-#78,1500,+7e+07ns,+6.36644e+08ns,566643750,2,1.0.0.5
pk-host0-to-host1-#261,1500,+2.6e+08ns,+6.48644e+08ns,388643750,1,1.0.0.1
pk-host1-to-host2-#263,1500,+2.6e+08ns,+6.48644e+08ns,388643750,1,1.0.0.2
pk-host2-to-host1-#265,1500,+2.6e+08ns,+6.48644e+08ns,388643750,1,1.0.0.3
pk-host3-to-host1-#196,1500,+1.9e+08ns,+6.48644e+08ns,458643750,1,1.0.0.4
pk-host0-to-host1-#270,1500,+2.7e+08ns,+6.60644e+08ns,390643750,1,1.0.0.1
pk-host1-to-host2-#272,1500,+2.7e+08ns,+6.60644e+08ns,390643750,1,1.0.0.2
pk-host2-to-host1-#274,1500,+2.7e+08ns,+6.60644e+08ns,390643750,1,1.0.0.3
pk-host3-to-host1-#197,1500,+1.9e+08ns,+6.60644e+08ns,470643750,1,1.0.0.4
pk-host0-to-host1-#271,1500,+2.7e+08ns,+6.72644e+08ns,402643750,1,1.0.0.1
pk-host1-to-host2-#273,1500,+2.7e+08ns,+6.72644e+08ns,402643750,1,1.0.0.2
pk-host2-to-host1-#275,1500,+2.7e+08ns,+6.72644e+08ns,402643750,1,1.0.0.3
pk-host4-to-host1-#79,1500,+7e+07ns,+6.72644e+08ns,602643750,2,1.0.0.5
pk-host0-to-host1-#280,1500,+2.8e+08ns,+6.84644e+08ns,404643750,1,1.0.0.1
pk-host1-to-host2-#282,1500,+2.8e+08ns,+6.84644e+08ns,404643750,1,1.0.0.2
pk-host2-to-host1-#284,1500,+2.8e+08ns,+6.84644e+08ns,404643750,1,1.0.0.3
pk-host3-to-host1-#206,1500,+2e+08ns,+6.84644e+08ns,484643750,1,1.0.0.4
pk-host0-to-host1-#281,1500,+2.8e+08ns,+6.96644e+08ns,416643750,1,1.0.0.1
pk-host1-to-host2-#283,1500,+2.8e+08ns,+6.96644e+08ns,416643750,1,1.0.0.2
pk-host2-to-host1-#285,1500,+2.8e+08ns,+6.96644e+08ns,416643750,1,1.0.0.3
pk-host3-to-host1-#207,1500,+2e+08ns,+6.96644e+08ns,496643750,1,1.0.0.4
pk-host0-to-host1-#290,1500,+2.9e+08ns,+7.08644e+08ns,418643750,1,1.0.0.1
pk-host1-to-host2-#292,1500,+2.9e+08ns,+7.08644e+08ns,418643750,1,1.0.0.2
pk-host2-to-host1-#294,1500,+2.9e+08ns,+7.08644e+08ns,418643750,1,1.0.0.3
pk-host4-to-host1-#88,1500,+8e+07ns,+7.08644e+08ns,628643750,2,1.0.0.5
pk-host0-to-host1-#291,1500,+2.9e+08ns,+7.20644e+08ns,430643750,1,1.0.0.1
pk-host1-to-host2-#293,1500,+2.9e+08ns,+7.20644e+08ns,430643750,1,1.0.0.2
pk-host2-to-host1-#295,1500,+2.9e+08ns,+7.20644e+08ns,430643750,1,1.0.0.3
pk-host3-to-host1-#216,1500,+2.1e+08ns,+7.20644e+08ns,510643750,1,1.0.0.4
pk-host0-to-host1-#300,1500,+3e+08ns,+7.32644e+08ns,432643750,1,1.0.0.1
pk-host1-to-host2-#302,1500,+3e+08ns,+7.32644e+08ns,432643750,1,1.0.0.2
pk-host2-to-host1-#304,1500,+3e+08ns,+7.32644e+08ns,432643750,1,1.0.0.3
pk-host3-to-host1-#217,1500,+2.1e+08ns,+7.32644e+08ns,522643750,1,1.0.0.4
pk-host0-to-host1-#301,1500,+3e+08ns,+7.44644e+08ns,444643750,1,1.0.0.1
pk-host1-to-host2-#303,1500,+3e+08ns,+7.44644e+08ns,444643750,1,1.0.0.2
pk-host2-to-host1-#305,1500,+3e+08ns,+7.44644e+08ns,444643750,1,1.0.0.3
pk-host4-to-host1-#89,1500,+8e+07ns,+7.44644e+08ns,664643750,2,1.0.0.5
pk-host0-to-host1-#310,1500,+3.1e+08ns,+7.56644e+08ns,446643750,1,1.0.0.1
pk-host1-to-host2-#312,1500,+3.1e+08ns,+7.56644e+08ns,446643750,1,1.0.0.2
pk-host2-to-host1-#314,1500,+3.1e+08ns,+7.56644e+08ns,446643750,1,1.0.0.3
pk-host3-to-host1-#226,1500,+2.2e+08ns,+7.56644e+08ns,536643750,1,1.0.0.4
pk-host0-to-host1-#311,1500,+3.1e+08ns,+7.68644e+08ns,458643750,1,1.0.0.1
pk-host1-to-host2-#313,1500,+3.1e+08ns,+7.68644e+08ns,458643750,1,1.0.0.2
pk-host2-to-host1-#315,1500,+3.1e+08ns,+7.68644e+08ns,458643750,1,1.0.0.3
pk-host3-to-host1-#227,1500,+2.2e+08ns,+7.68644e+08ns,548643750,1,1.0.0.4
pk-host0-to-host1-#320,1500,+3.2e+08ns,+7.80644e+08ns,460643750,1,1.0.0.1
pk-host1-to-host2-#322,1500,+3.2e+08ns,+7.80644e+08ns,460643750,1,1.0.0.2
pk-host2-to-host1-#324,1500,+3.2e+08ns,+7.80644e+08ns,460643750,1,1.0.0.3
pk-host4-to-host1-#98,1500,+9e+07ns,+7.80644e+08ns,690643750,2,1.0.0.5
pk-host0-to-host1-#321,1500,+3.2e+08ns,+7.92644e+08ns,472643750,1,1.0.0.1
pk-host1-to-host2-#323,1500,+3.2e+08ns,+7.92644e+08ns,472643750,1,1.0.0.2
pk-host2-to-host1-#325,1500,+3.2e+08ns,+7.92644e+08ns,472643750,1,1.0.0.3
pk-host3-to-host1-#236,1500,+2.3e+08ns,+7.92644e+08ns,562643750,1,1.0.0.4
pk-host0-to-host1-#330,1500,+3.3e+08ns,+8.04644e+08ns,474643750,1,1.0.0.1
pk-host1-to-host2-#332,1500,+3.3e+08ns,+8.04644e+08ns,474643750,1,1.0.0.2
pk-host2-to-host1-#334,1500,+3.3e+08ns,+8.04644e+08ns,474643750,1,1.0.0.3
pk-host3-to-host1-#237,1500,+2.3e+08ns,+8.04644e+08ns,574643750,1,1.0.0.4
pk-host0-to-host1-#331,1500,+3.3e+08ns,+8.16644e+08ns,486643750,1,1.0.0.1
pk-host1-to-host2-#333,1500,+3.3e+08ns,+8.16644e+08ns,486643750,1,1.0.0.2
pk-host2-to-host1-#335,1500,+3.3e+08ns,+8.16644e+08ns,486643750,1,1.0.0.3
pk-host3-to-host1-#246,1500,+2.4e+08ns,+8.16644e+08ns,576643750,1,1.0.0.4
pk-host0-to-host1-#340,1500,+3.4e+08ns,+8.28644e+08ns,488643750,1,1.0.0.1
pk-host1-to-host2-#342,1500,+3.4e+08ns,+8.28644e+08ns,488643750,1,1.0.0.2
pk-host2-to-host1-#344,1500,+3.4e+08ns,+8.28644e+08ns,488643750,1,1.0.0.3
pk-host3-to-host1-#247,1500,+2.4e+08ns,+8.28644e+08ns,588643750,1,1.0.0.4
pk-host0-to-host1-#341,1500,+3.4e+08ns,+8.40644e+08ns,500643750,1,1.0.0.1
pk-host1-to-host2-#343,1500,+3.4e+08ns,+8.40644e+08ns,500643750,1,1.0.0.2
pk-host2-to-host1-#345,1500,+3.4e+08ns,+8.40644e+08ns,500643750,1,1.0.0.3
pk-host4-to-host1-#99,1500,+9e+07ns,+8.40644e+08ns,750643750,2,1.0.0.5
pk-host0-to-host1-#350,1500,+3.5e+08ns,+8.52644e+08ns,502643750,1,1.0.0.1
pk-host1-to-host2-#352,1500,+3.5e+08ns,+8.52644e+08ns,502643750,1,1.0.0.2
pk-host2-to-host1-#354,1500,+3.5e+08ns,+8.52644e+08ns,502643750,1,1.0.0.3
pk-host3-to-host1-#256,1500,+2.5e+08ns,+8.52644e+08ns,602643750,1,1.0.0.4
pk-host0-to-host1-#351,1500,+3.5e+08ns,+8.64644e+08ns,514643750,1,1.0.0.1
pk-host1-to-host2-#353,1500,+3.5e+08ns,+8.64644e+08ns,514643750,1,1.0.0.2
pk-host2-to-host1-#355,1500,+3.5e+08ns,+8.64644e+08ns,514643750,1,1.0.0.3
pk-host3-to-host1-#257,1500,+2.5e+08ns,+8.64644e+08ns,614643750,1,1.0.0.4
pk-host0-to-host1-#360,1500,+3.6e+08ns,+8.76644e+08ns,516643750,1,1.0.0.1
pk-host1-to-host2-#362,1500,+3.6e+08ns,+8.76644e+08ns,516643750,1,1.0.0.2
pk-host2-to-host1-#364,1500,+3.6e+08ns,+8.76644e+08ns,516643750,1,1.0.0.3
pk-host4-to-host1-#108,1500,+1e+08ns,+8.76644e+08ns,776643750,2,1.0.0.5
pk-host0-to-host1-#361,1500,+3.6e+08ns,+8.88644e+08ns,528643750,1,1.0.0.1
pk-host1-to-host2-#363,1500,+3.6e+08ns,+8.88644e+08ns,528643750,1,1.0.0.2
pk-host2-to-host1-#365,1500,+3.6e+08ns,+8.88644e+08ns,528643750,1,1.0.0.3
pk-host3-to-host1-#266,1500,+2.6e+08ns,+8.88644e+08ns,628643750,1,1.0.0.4
pk-host0-to-host1-#370,1500,+3.7e+08ns,+9.00644e+08ns,530643750,1,1.0.0.1
pk-host1-to-host2-#372,1500,+3.7e+08ns,+9.00644e+08ns,530643750,1,1.0.0.2
pk-host2-to-host1-#374,1500,+3.7e+08ns,+9.00644e+08ns,530643750,1,1.0.0.3
pk-host3-to-host1-#267,1500,+2.6e+08ns,+9.00644e+08ns,640643750,1,1.0.0.4
pk-host0-to-host1-#371,1500,+3.7e+08ns,+9.12644e+08ns,542643750,1,1.0.0.1
pk-host1-to-host2-#373,1500,+3.7e+08ns,+9.12644e+08ns,542643750,1,1.0.0.2
pk-host2-to-host1-#375,1500,+3.7e+08ns,+9.12644e+08ns,542643750,1,1.0.0.3
pk-host4-to-host1-#109,1500,+1e+08ns,+9.12644e+08ns,812643750,2,1.0.0.5
pk-host0-to-host1-#380,1500,+3.8e+08ns,+9.24644e+08ns,544643750,1,1.0.0.1
pk-host1-to-host2-#382,1500,+3.8e+08ns,+9.24644e+08ns,544643750,1,1.0.0.2
pk-host2-to-host1-#384,1500,+3.8e+08ns,+9.24644e+08ns,544643750,1,1.0.0.3
pk-host3-to-host1-#276,1500,+2.7e+08ns,+9.24644e+08ns,654643750,1,1.0.0.4
pk-host0-to-host1-#381,1500,+3.8e+08ns,+9.36644e+08ns,556643750,1,1.0.0.1
pk-host1-to-host2-#383,1500,+3.8e+08ns,+9.36644e+08ns,556643750,1,1.0.0.2
pk-host2-to-host1-#385,1500,+3.8e+08ns,+9.36644e+08ns,556643750,1,1.0.0.3
pk-host3-to-host1-#277,1500,+2.7e+08ns,+9.36644e+08ns,666643750,1,1.0.0.4
pk-host0-to-host1-#390,1500,+3.9e+08ns,+9.48644e+08ns,558643750,1,1.0.0.1
pk-host1-to-host2-#392,1500,+3.9e+08ns,+9.48644e+08ns,558643750,1,1.0.0.2
pk-host2-to-host1-#394,1500,+3.9e+08ns,+9.48644e+08ns,558643750,1,1.0.0.3
pk-host4-to-host1-#118,1500,+1.1e+08ns,+9.48644e+08ns,838643750,2,1.0.0.5
pk-host0-to-host1-#391,1500,+3.9e+08ns,+9.60644e+08ns,570643750,1,1.0.0.1
pk-host1-to-host2-#393,1500,+3.9e+08ns,+9.60644e+08ns,570643750,1,1.0.0.2
pk-host2-to-host1-#395,1500,+3.9e+08ns,+9.60644e+08ns,570643750,1,1.0.0.3
pk-host3-to-host1-#286,1500,+2.8e+08ns,+9.60644e+08ns,680643750,1,1.0.0.4
pk-host0-to-host1-#400,1500,+4e+08ns,+9.72644e+08ns,572643750,1,1.0.0.1
pk-host1-to-host2-#402,1500,+4e+08ns,+9.72644e+08ns,572643750,1,1.0.0.2
pk-host2-to-host1-#404,1500,+4e+08ns,+9.72644e+08ns,572643750,1,1.0.0.3
pk-host3-to-host1-#287,1500,+2.8e+08ns,+9.72644e+08ns,692643750,1,1.0.0.4
pk-host0-to-host1-#401,1500,+4e+08ns,+9.84644e+08ns,584643750,1,1.0.0.1
pk-host1-to-host2-#403,1500,+4e+08ns,+9.84644e+08ns,584643750,1,1.0.0.2
pk-host2-to-host1-#405,1500,+4e+08ns,+9.84644e+08ns,584643750,1,1.0.0.3
pk-host4-to-host1-#119,1500,+1.1e+08ns,+9.84644e+08ns,874643750,2,1.0.0.5
pk-host0-to-host1-#410,1500,+4.1e+08ns,+9.96644e+08ns,586643750,1,1.0.0.1
pk-host1-to-host2-#412,1500,+4.1e+08ns,+9.96644e+08ns,586643750,1,1.0.0.2
pk-host2-to-host1-#414,1500,+4.1e+08ns,+9.96644e+08ns,586643750,1,1.0.0.3
pk-host3-to-host1-#296,1500,+2.9e+08ns,+9.96644e+08ns,706643750,1,1.0.0.4
pk-host0-to-host1-#411,1500,+4.1e+08ns,+1.00864e+09ns,598643750,1,1.0.0.1
pk-host1-to-host2-#413,1500,+4.1e+08ns,+1.00864e+09ns,598643750,1,1.0.0.2
pk-host2-to-host1-#415,1500,+4.1e+08ns,+1.00864e+09ns,598643750,1,1.0.0.3
pk-host3-to-host1-#297,1500,+2.9e+08ns,+1.00864e+09ns,718643750,1,1.0.0.4
pk-host0-to-host1-#420,1500,+4.2e+08ns,+1.02064e+09ns,600643750,1,1.0.0.1
pk-host1-to-host2-#422,1500,+4.2e+08ns,+1.02064e+09ns,600643750,1,1.0.0.2
pk-host2-to-host1-#424,1500,+4.2e+08ns,+1.02064e+09ns,600643750,1,1.0.0.3
pk-host3-to-host1-#306,1500,+3e+08ns,+1.02064e+09ns,720643750,1,1.0.0.4
pk-host0-to-host1-#421,1500,+4.2e+08ns,+1.03264e+09ns,612643750,1,1.0.0.1
pk-host1-to-host2-#423,1500,+4.2e+08ns,+1.03264e+09ns,612643750,1,1.0.0.2
pk-host2-to-host1-#425,1500,+4.2e+08ns,+1.03264e+09ns,612643750,1,1.0.0.3
pk-host3-to-host1-#307,1500,+3e+08ns,+1.03264e+09ns,732643750,1,1.0.0.4
pk-host0-to-host1-#430,1500,+4.3e+08ns,+1.04464e+09ns,614643750,1,1.0.0.1
pk-host1-to-host2-#432,1500,+4.3e+08ns,+1.04464e+09ns,614643750,1,1.0.0.2
pk-host2-to-host1-#434,1500,+4.3e+08ns,+1.04464e+09ns,614643750,1,1.0.0.3
pk-host4-to-host1-#128,1500,+1.2e+08ns,+1.04464e+09ns,924643750,2,1.0.0.5
pk-host0-to-host1-#431,1500,+4.3e+08ns,+1.05664e+09ns,626643750,1,1.0.0.1
pk-host1-to-host2-#433,1500,+4.3e+08ns,+1.05664e+09ns,626643750,1,1.0.0.2
pk-host2-to-host1-#435,1500,+4.3e+08ns,+1.05664e+09ns,626643750,1,1.0.0.3
pk-host3-to-host1-#316,1500,+3.1e+08ns,+1.05664e+09ns,746643750,1,1.0.0.4
pk-host0-to-host1-#440,1500,+4.4e+08ns,+1.06864e+09ns,628643750,1,1.0.0.1
pk-host1-to-host2-#442,1500,+4.4e+08ns,+1.06864e+09ns,628643750,1,1.0.0.2
pk-host2-to-host1-#444,1500,+4.4e+08ns,+1.06864e+09ns,628643750,1,1.0.0.3
pk-host3-to-host1-#317,1500,+3.1e+08ns,+1.06864e+09ns,758643750,1,1.0.0.4
pk-host0-to-host1-#441,1500,+4.4e+08ns,+1.08064e+09ns,640643750,1,1.0.0.1
pk-host1-to-host2-#443,1500,+4.4e+08ns,+1.08064e+09ns,640643750,1,1.0.0.2
pk-host2-to-host1-#445,1500,+4.4e+08ns,+1.08064e+09ns,640643750,1,1.0.0.3
pk-host4-to-host1-#129,1500,+1.2e+08ns,+1.08064e+09ns,960643750,2,1.0.0.5
pk-host0-to-host1-#450,1500,+4.5e+08ns,+1.09264e+09ns,642643750,1,1.0.0.1
pk-host1-to-host2-#452,1500,+4.5e+08ns,+1.09264e+09ns,642643750,1,1.0.0.2
pk-host2-to-host1-#454,1500,+4.5e+08ns,+1.09264e+09ns,642643750,1,1.0.0.3
pk-host3-to-host1-#326,1500,+3.2e+08ns,+1.09264e+09ns,772643750,1,1.0.0.4
pk-host0-to-host1-#451,1500,+4.5e+08ns,+1.10464e+09ns,654643750,1,1.0.0.1
pk-host1-to-host2-#453,1500,+4.5e+08ns,+1.10464e+09ns,654643750,1,1.0.0.2
pk-host2-to-host1-#455,1500,+4.5e+08ns,+1.10464e+09ns,654643750,1,1.0.0.3
pk-host3-to-host1-#327,1500,+3.2e+08ns,+1.10464e+09ns,784643750,1,1.0.0.4
pk-host0-to-host1-#460,1500,+4.6e+08ns,+1.11664e+09ns,656643750,1,1.0.0.1
pk-host1-to-host2-#462,1500,+4.6e+08ns,+1.11664e+09ns,656643750,1,1.0.0.2
pk-host2-to-host1-#464,1500,+4.6e+08ns,+1.11664e+09ns,656643750,1,1.0.0.3
pk-host4-to-host1-#138,1500,+1.3e+08ns,+1.11664e+09ns,986643750,2,1.0.0.5
pk-host0-to-host1-#461,1500,+4.6e+08ns,+1.12864e+09ns,668643750,1,1.0.0.1
pk-host1-to-host2-#463,1500,+4.6e+08ns,+1.12864e+09ns,668643750,1,1.0.0.2
pk-host2-to-host1-#465,1500,+4.6e+08ns,+1.12864e+09ns,668643750,1,1.0.0.3
pk-host3-to-host1-#336,1500,+3.3e+08ns,+1.12864e+09ns,798643750,1,1.0.0.4
pk-host0-to-host1-#470,1500,+4.7e+08ns,+1.14064e+09ns,670643750,1,1.0.0.1
pk-host1-to-host2-#472,1500,+4.7e+08ns,+1.14064e+09ns,670643750,1,1.0.0.2
pk-host2-to-host1-#474,1500,+4.7e+08ns,+1.14064e+09ns,670643750,1,1.0.0.3
pk-host3-to-host1-#337,1500,+3.3e+08ns,+1.14064e+09ns,810643750,1,1.0.0.4
pk-host0-to-host1-#471,1500,+4.7e+08ns,+1.15264e+09ns,682643750,1,1.0.0.1
pk-host1-to-host2-#473,1500,+4.7e+08ns,+1.15264e+09ns,682643750,1,1.0.0.2
pk-host2-to-host1-#475,1500,+4.7e+08ns,+1.15264e+09ns,682643750,1,1.0.0.3
pk-host4-to-host1-#139,1500,+1.3e+08ns,+1.15264e+09ns,1022643750,2,1.0.0.5
pk-host0-to-host1-#480,1500,+4.8e+08ns,+1.16464e+09ns,684643750,1,1.0.0.1
pk-host1-to-host2-#482,1500,+4.8e+08ns,+1.16464e+09ns,684643750,1,1.0.0.2
pk-host2-to-host1-#484,1500,+4.8e+08ns,+1.16464e+09ns,684643750,1,1.0.0.3
pk-host3-to-host1-#346,1500,+3.4e+08ns,+1.16464e+09ns,824643750,1,1.0.0.4
pk-host0-to-host1-#481,1500,+4.8e+08ns,+1.17664e+09ns,696643750,1,1.0.0.1
pk-host1-to-host2-#483,1500,+4.8e+08ns,+1.17664e+09ns,696643750,1,1.0.0.2
pk-host2-to-host1-#485,1500,+4.8e+08ns,+1.17664e+09ns,696643750,1,1.0.0.3
pk-host3-to-host1-#347,1500,+3.4e+08ns,+1.17664e+09ns,836643750,1,1.0.0.4
pk-host0-to-host1-#490,1500,+4.9e+08ns,+1.18864e+09ns,698643750,1,1.0.0.1
pk-host1-to-host2-#492,1500,+4.9e+08ns,+1.18864e+09ns,698643750,1,1.0.0.2
pk-host2-to-host1-#494,1500,+4.9e+08ns,+1.18864e+09ns,698643750,1,1.0.0.3
pk-host4-to-host1-#148,1500,+1.4e+08ns,+1.18864e+09ns,1048643750,2,1.0.0.5
pk-host0-to-host1-#491,1500,+4.9e+08ns,+1.20064e+09ns,710643750,1,1.0.0.1
pk-host1-to-host2-#493,1500,+4.9e+08ns,+1.20064e+09ns,710643750,1,1.0.0.2
pk-host2-to-host1-#495,1500,+4.9e+08ns,+1.20064e+09ns,710643750,1,1.0.0.3
pk-host3-to-host1-#356,1500,+3.5e+08ns,+1.20064e+09ns,850643750,1,1.0.0.4
pk-host0-to-host1-#500,1500,+5e+08ns,+1.21264e+09ns,712643750,1,1.0.0.1
pk-host1-to-host2-#502,1500,+5e+08ns,+1.21264e+09ns,712643750,1,1.0.0.2
pk-host2-to-host1-#504,1500,+5e+08ns,+1.21264e+09ns,712643750,1,1.0.0.3
pk-host3-to-host1-#357,1500,+3.5e+08ns,+1.21264e+09ns,862643750,1,1.0.0.4
pk-host0-to-host1-#501,1500,+5e+08ns,+1.22464e+09ns,724643750,1,1.0.0.1
pk-host1-to-host2-#503,1500,+5e+08ns,+1.22464e+09ns,724643750,1,1.0.0.2
pk-host2-to-host1-#505,1500,+5e+08ns,+1.22464e+09ns,724643750,1,1.0.0.3
pk-host3-to-host1-#366,1500,+3.6e+08ns,+1.22464e+09ns,864643750,1,1.0.0.4
pk-host0-to-host1-#510,1500,+5.1e+08ns,+1.23664e+09ns,726643750,1,1.0.0.1
pk-host1-to-host2-#512,1500,+5.1e+08ns,+1.23664e+09ns,726643750,1,1.0.0.2
pk-host2-to-host1-#514,1500,+5.1e+08ns,+1.23664e+09ns,726643750,1,1.0.0.3
pk-host3-to-host1-#367,1500,+3.6e+08ns,+1.23664e+09ns,876643750,1,1.0.0.4
pk-host0-to-host1-#511,1500,+5.1e+08ns,+1.24864e+09ns,738643750,1,1.0.0.1
pk-host1-to-host2-#513,1500,+5.1e+08ns,+1.24864e+09ns,738643750,1,1.0.0.2
pk-host2-to-host1-#515,1500,+5.1e+08ns,+1.24864e+09ns,738643750,1,1.0.0.3
pk-host4-to-host1-#149,1500,+1.4e+08ns,+1.24864e+09ns,1108643750,2,1.0.0.5
pk-host0-to-host1-#520,1500,+5.2e+08ns,+1.26064e+09ns,740643750,1,1.0.0.1
pk-host1-to-host2-#522,1500,+5.2e+08ns,+1.26064e+09ns,740643750,1,1.0.0.2
pk-host2-to-host1-#524,1500,+5.2e+08ns,+1.26064e+09ns,740643750,1,1.0.0.3
pk-host3-to-host1-#376,1500,+3.7e+08ns,+1.26064e+09ns,890643750,1,1.0.0.4
pk-host0-to-host1-#521,1500,+5.2e+08ns,+1.27264e+09ns,752643750,1,1.0.0.1
pk-host1-to-host2-#523,1500,+5.2e+08ns,+1.27264e+09ns,752643750,1,1.0.0.2
pk-host2-to-host1-#525,1500,+5.2e+08ns,+1.27264e+09ns,752643750,1,1.0.0.3
pk-host3-to-host1-#377,1500,+3.7e+08ns,+1.27264e+09ns,902643750,1,1.0.0.4
pk-host0-to-host1-#530,1500,+5.3e+08ns,+1.28464e+09ns,754643750,1,1.0.0.1
pk-host1-to-host2-#532,1500,+5.3e+08ns,+1.28464e+09ns,754643750,1,1.0.0.2
pk-host2-to-host1-#534,1500,+5.3e+08ns,+1.28464e+09ns,754643750,1,1.0.0.3
pk-host4-to-host1-#158,1500,+1.5e+08ns,+1.28464e+09ns,1134643750,2,1.0.0.5
pk-host0-to-host1-#531,1500,+5.3e+08ns,+1.29664e+09ns,766643750,1,1.0.0.1
pk-host1-to-host2-#533,1500,+5.3e+08ns,+1.29664e+09ns,766643750,1,1.0.0.2
pk-host2-to-host1-#535,1500,+5.3e+08ns,+1.29664e+09ns,766643750,1,1.0.0.3
pk-host3-to-host1-#386,1500,+3.8e+08ns,+1.29664e+09ns,916643750,1,1.0.0.4
pk-host0-to-host1-#540,1500,+5.4e+08ns,+1.30864e+09ns,768643750,1,1.0.0.1
pk-host1-to-host2-#542,1500,+5.4e+08ns,+1.30864e+09ns,768643750,1,1.0.0.2
pk-host2-to-host1-#544,1500,+5.4e+08ns,+1.30864e+09ns,768643750,1,1.0.0.3
pk-host3-to-host1-#387,1500,+3.8e+08ns,+1.30864e+09ns,928643750,1,1.0.0.4
pk-host0-to-host1-#541,1500,+5.4e+08ns,+1.32064e+09ns,780643750,1,1.0.0.1
pk-host1-to-host2-#543,1500,+5.4e+08ns,+1.32064e+09ns,780643750,1,1.0.0.2
pk-host2-to-host1-#545,1500,+5.4e+08ns,+1.32064e+09ns,780643750,1,1.0.0.3
pk-host4-to-host1-#159,1500,+1.5e+08ns,+1.32064e+09ns,1170643750,2,1.0.0.5
pk-host0-to-host1-#550,1500,+5.5e+08ns,+1.33264e+09ns,782643750,1,1.0.0.1
pk-host1-to-host2-#552,1500,+5.5e+08ns,+1.33264e+09ns,782643750,1,1.0.0.2
pk-host2-to-host1-#554,1500,+5.5e+08ns,+1.33264e+09ns,782643750,1,1.0.0.3
pk-host3-to-host1-#396,1500,+3.9e+08ns,+1.33264e+09ns,942643750,1,1.0.0.4
pk-host0-to-host1-#551,1500,+5.5e+08ns,+1.34464e+09ns,794643750,1,1.0.0.1
pk-host1-to-host2-#553,1500,+5.5e+08ns,+1.34464e+09ns,794643750,1,1.0.0.2
pk-host2-to-host1-#555,1500,+5.5e+08ns,+1.34464e+09ns,794643750,1,1.0.0.3
pk-host3-to-host1-#397,1500,+3.9e+08ns,+1.34464e+09ns,954643750,1,1.0.0.4
pk-host0-to-host1-#560,1500,+5.6e+08ns,+1.35664e+09ns,796643750,1,1.0.0.1
pk-host1-to-host2-#562,1500,+5.6e+08ns,+1.35664e+09ns,796643750,1,1.0.0.2
pk-host2-to-host1-#564,1500,+5.6e+08ns,+1.35664e+09ns,796643750,1,1.0.0.3
pk-host4-to-host1-#168,1500,+1.6e+08ns,+1.35664e+09ns,1196643750,2,1.0.0.5
pk-host0-to-host1-#561,1500,+5.6e+08ns,+1.36864e+09ns,808643750,1,1.0.0.1
pk-host1-to-host2-#563,1500,+5.6e+08ns,+1.36864e+09ns,808643750,1,1.0.0.2
pk-host2-to-host1-#565,1500,+5.6e+08ns,+1.36864e+09ns,808643750,1,1.0.0.3
pk-host3-to-host1-#406,1500,+4e+08ns,+1.36864e+09ns,968643750,1,1.0.0.4
pk-host0-to-host1-#570,1500,+5.7e+08ns,+1.38064e+09ns,810643750,1,1.0.0.1
pk-host1-to-host2-#572,1500,+5.7e+08ns,+1.38064e+09ns,810643750,1,1.0.0.2
pk-host2-to-host1-#574,1500,+5.7e+08ns,+1.38064e+09ns,810643750,1,1.0.0.3
pk-host3-to-host1-#407,1500,+4e+08ns,+1.38064e+09ns,980643750,1,1.0.0.4
pk-host0-to-host1-#571,1500,+5.7e+08ns,+1.39264e+09ns,822643750,1,1.0.0.1
pk-host1-to-host2-#573,1500,+5.7e+08ns,+1.39264e+09ns,822643750,1,1.0.0.2
pk-host2-to-host1-#575,1500,+5.7e+08ns,+1.39264e+09ns,822643750,1,1.0.0.3
pk-host4-to-host1-#169,1500,+1.6e+08ns,+1.39264e+09ns,1232643750,2,1.0.0.5
pk-host0-to-host1-#580,1500,+5.8e+08ns,+1.40464e+09ns,824643750,1,1.0.0.1
pk-host1-to-host2-#582,1500,+5.8e+08ns,+1.40464e+09ns,824643750,1,1.0.0.2
pk-host2-to-host1-#584,1500,+5.8e+08ns,+1.40464e+09ns,824643750,1,1.0.0.3
pk-host3-to-host1-#416,1500,+4.1e+08ns,+1.40464e+09ns,994643750,1,1.0.0.4
pk-host0-to-host1-#581,1500,+5.8e+08ns,+1.41664e+09ns,836643750,1,1.0.0.1
pk-host1-to-host2-#583,1500,+5.8e+08ns,+1.41664e+09ns,836643750,1,1.0.0.2
pk-host2-to-host1-#585,1500,+5.8e+08ns,+1.41664e+09ns,836643750,1,1.0.0.3
pk-host3-to-host1-#417,1500,+4.1e+08ns,+1.41664e+09ns,1006643750,1,1.0.0.4
pk-host0-to-host1-#590,1500,+5.9e+08ns,+1.42864e+09ns,838643750,1,1.0.0.1
pk-host1-to-host2-#592,1500,+5.9e+08ns,+1.42864e+09ns,838643750,1,1.0.0.2
pk-host2-to-host1-#594,1500,+5.9e+08ns,+1.42864e+09ns,838643750,1,1.0.0.3
pk-host3-to-host1-#426,1500,+4.2e+08ns,+1.42864e+09ns,1008643750,1,1.0.0.4
pk-host0-to-host1-#591,1500,+5.9e+08ns,+1.44064e+09ns,850643750,1,1.0.0.1
pk-host1-to-host2-#593,1500,+5.9e+08ns,+1.44064e+09ns,850643750,1,1.0.0.2
pk-host2-to-host1-#595,1500,+5.9e+08ns,+1.44064e+09ns,850643750,1,1.0.0.3
pk-host3-to-host1-#427,1500,+4.2e+08ns,+1.44064e+09ns,1020643750,1,1.0.0.4
pk-host0-to-host1-#600,1500,+6e+08ns,+1.45264e+09ns,852643750,1,1.0.0.1
pk-host1-to-host2-#602,1500,+6e+08ns,+1.45264e+09ns,852643750,1,1.0.0.2
pk-host2-to-host1-#604,1500,+6e+08ns,+1.45264e+09ns,852643750,1,1.0.0.3
pk-host4-to-host1-#178,1500,+1.7e+08ns,+1.45264e+09ns,1282643750,2,1.0.0.5
pk-host0-to-host1-#601,1500,+6e+08ns,+1.46464e+09ns,864643750,1,1.0.0.1
pk-host1-to-host2-#603,1500,+6e+08ns,+1.46464e+09ns,864643750,1,1.0.0.2
pk-host2-to-host1-#605,1500,+6e+08ns,+1.46464e+09ns,864643750,1,1.0.0.3
pk-host3-to-host1-#436,1500,+4.3e+08ns,+1.46464e+09ns,1034643750,1,1.0.0.4
pk-host0-to-host1-#610,1500,+6.1e+08ns,+1.47664e+09ns,866643750,1,1.0.0.1
pk-host1-to-host2-#612,1500,+6.1e+08ns,+1.47664e+09ns,866643750,1,1.0.0.2
pk-host2-to-host1-#614,1500,+6.1e+08ns,+1.47664e+09ns,866643750,1,1.0.0.3
pk-host3-to-host1-#437,1500,+4.3e+08ns,+1.47664e+09ns,1046643750,1,1.0.0.4
pk-host0-to-host1-#611,1500,+6.1e+08ns,+1.48864e+09ns,878643750,1,1.0.0.1
pk-host1-to-host2-#613,1500,+6.1e+08ns,+1.48864e+09ns,878643750,1,1.0.0.2
pk-host2-to-host1-#615,1500,+6.1e+08ns,+1.48864e+09ns,878643750,1,1.0.0.3
pk-host4-to-host1-#179,1500,+1.7e+08ns,+1.48864e+09ns,1318643750,2,1.0.0.5
pk-host0-to-host1-#620,1500,+6.2e+08ns,+1.50064e+09ns,880643750,1,1.0.0.1
pk-host1-to-host2-#622,1500,+6.2e+08ns,+1.50064e+09ns,880643750,1,1.0.0.2
pk-host2-to-host1-#624,1500,+6.2e+08ns,+1.50064e+09ns,880643750,1,1.0.0.3
pk-host3-to-host1-#446,1500,+4.4e+08ns,+1.50064e+09ns,1060643750,1,1.0.0.4
pk-host0-to-host1-#621,1500,+6.2e+08ns,+1.51264e+09ns,892643750,1,1.0.0.1
pk-host1-to-host2-#623,1500,+6.2e+08ns,+1.51264e+09ns,892643750,1,1.0.0.2
pk-host2-to-host1-#625,1500,+6.2e+08ns,+1.51264e+09ns,892643750,1,1.0.0.3
pk-host3-to-host1-#447,1500,+4.4e+08ns,+1.51264e+09ns,1072643750,1,1.0.0.4
pk-host0-to-host1-#630,1500,+6.3e+08ns,+1.52464e+09ns,894643750,1,1.0.0.1
pk-host1-to-host2-#632,1500,+6.3e+08ns,+1.52464e+09ns,894643750,1,1.0.0.2
pk-host2-to-host1-#634,1500,+6.3e+08ns,+1.52464e+09ns,894643750,1,1.0.0.3
pk-host4-to-host1-#188,1500,+1.8e+08ns,+1.52464e+09ns,1344643750,2,1.0.0.5
pk-host0-to-host1-#631,1500,+6.3e+08ns,+1.53664e+09ns,906643750,1,1.0.0.1
pk-host1-to-host2-#633,1500,+6.3e+08ns,+1.53664e+09ns,906643750,1,1.0.0.2
pk-host2-to-host1-#635,1500,+6.3e+08ns,+1.53664e+09ns,906643750,1,1.0.0.3
pk-host3-to-host1-#456,1500,+4.5e+08ns,+1.53664e+09ns,1086643750,1,1.0.0.4
pk-host0-to-host1-#640,1500,+6.4e+08ns,+1.54864e+09ns,908643750,1,1.0.0.1
pk-host1-to-host2-#642,1500,+6.4e+08ns,+1.54864e+09ns,908643750,1,1.0.0.2
pk-host2-to-host1-#644,1500,+6.4e+08ns,+1.54864e+09ns,908643750,1,1.0.0.3
pk-host3-to-host1-#457,1500,+4.5e+08ns,+1.54864e+09ns,1098643750,1,1.0.0.4
pk-host0-to-host1-#641,1500,+6.4e+08ns,+1.56064e+09ns,920643750,1,1.0.0.1
pk-host1-to-host2-#643,1500,+6.4e+08ns,+1.56064e+09ns,920643750,1,1.0.0.2
pk-host2-to-host1-#645,1500,+6.4e+08ns,+1.56064e+09ns,920643750,1,1.0.0.3
pk-host4-to-host1-#189,1500,+1.8e+08ns,+1.56064e+09ns,1380643750,2,1.0.0.5
pk-host0-to-host1-#650,1500,+6.5e+08ns,+1.57264e+09ns,922643750,1,1.0.0.1
pk-host1-to-host2-#652,1500,+6.5e+08ns,+1.57264e+09ns,922643750,1,1.0.0.2
pk-host2-to-host1-#654,1500,+6.5e+08ns,+1.57264e+09ns,922643750,1,1.0.0.3
pk-host3-to-host1-#466,1500,+4.6e+08ns,+1.57264e+09ns,1112643750,1,1.0.0.4
pk-host0-to-host1-#651,1500,+6.5e+08ns,+1.58464e+09ns,934643750,1,1.0.0.1
pk-host1-to-host2-#653,1500,+6.5e+08ns,+1.58464e+09ns,934643750,1,1.0.0.2
pk-host2-to-host1-#655,1500,+6.5e+08ns,+1.58464e+09ns,934643750,1,1.0.0.3
pk-host3-to-host1-#467,1500,+4.6e+08ns,+1.58464e+09ns,1124643750,1,1.0.0.4
pk-host0-to-host1-#660,1500,+6.6e+08ns,+1.59664e+09ns,936643750,1,1.0.0.1
pk-host1-to-host2-#662,1500,+6.6e+08ns,+1.59664e+09ns,936643750,1,1.0.0.2
pk-host2-to-host1-#664,1500,+6.6e+08ns,+1.59664e+09ns,936643750,1,1.0.0.3
pk-host4-to-host1-#198,1500,+1.9e+08ns,+1.59664e+09ns,1406643750,2,1.0.0.5
pk-host0-to-host1-#661,1500,+6.6e+08ns,+1.60864e+09ns,948643750,1,1.0.0.1
pk-host1-to-host2-#663,1500,+6.6e+08ns,+1.60864e+09ns,948643750,1,1.0.0.2
pk-host2-to-host1-#665,1500,+6.6e+08ns,+1.60864e+09ns,948643750,1,1.0.0.3
pk-host3-to-host1-#476,1500,+4.7e+08ns,+1.60864e+09ns,1138643750,1,1.0.0.4
pk-host0-to-host1-#670,1500,+6.7e+08ns,+1.62064e+09ns,950643750,1,1.0.0.1
pk-host1-to-host2-#672,1500,+6.7e+08ns,+1.62064e+09ns,950643750,1,1.0.0.2
pk-host2-to-host1-#674,1500,+6.7e+08ns,+1.62064e+09ns,950643750,1,1.0.0.3
pk-host3-to-host1-#477,1500,+4.7e+08ns,+1.62064e+09ns,1150643750,1,1.0.0.4
pk-host0-to-host1-#671,1500,+6.7e+08ns,+1.63264e+09ns,962643750,1,1.0.0.1
pk-host1-to-host2-#673,1500,+6.7e+08ns,+1.63264e+09ns,962643750,1,1.0.0.2
pk-host2-to-host1-#675,1500,+6.7e+08ns,+1.63264e+09ns,962643750,1,1.0.0.3
pk-host3-to-host1-#486,1500,+4.8e+08ns,+1.63264e+09ns,1152643750,1,1.0.0.4
pk-host0-to-host1-#680,1500,+6.8e+08ns,+1.64464e+09ns,964643750,1,1.0.0.1
pk-host1-to-host2-#682,1500,+6.8e+08ns,+1.64464e+09ns,964643750,1,1.0.0.2
pk-host2-to-host1-#684,1500,+6.8e+08ns,+1.64464e+09ns,964643750,1,1.0.0.3
pk-host3-to-host1-#487,1500,+4.8e+08ns,+1.64464e+09ns,1164643750,1,1.0.0.4
pk-host0-to-host1-#681,1500,+6.8e+08ns,+1.65664e+09ns,976643750,1,1.0.0.1
pk-host1-to-host2-#683,1500,+6.8e+08ns,+1.65664e+09ns,976643750,1,1.0.0.2
pk-host2-to-host1-#685,1500,+6.8e+08ns,+1.65664e+09ns,976643750,1,1.0.0.3
pk-host4-to-host1-#199,1500,+1.9e+08ns,+1.65664e+09ns,1466643750,2,1.0.0.5
pk-host0-to-host1-#690,1500,+6.9e+08ns,+1.66864e+09ns,978643750,1,1.0.0.1
pk-host1-to-host2-#692,1500,+6.9e+08ns,+1.66864e+09ns,978643750,1,1.0.0.2
pk-host2-to-host1-#694,1500,+6.9e+08ns,+1.66864e+09ns,978643750,1,1.0.0.3
pk-host3-to-host1-#496,1500,+4.9e+08ns,+1.66864e+09ns,1178643750,1,1.0.0.4
pk-host0-to-host1-#691,1500,+6.9e+08ns,+1.68064e+09ns,990643750,1,1.0.0.1
pk-host1-to-host2-#693,1500,+6.9e+08ns,+1.68064e+09ns,990643750,1,1.0.0.2
pk-host2-to-host1-#695,1500,+6.9e+08ns,+1.68064e+09ns,990643750,1,1.0.0.3
pk-host3-to-host1-#497,1500,+4.9e+08ns,+1.68064e+09ns,1190643750,1,1.0.0.4
pk-host0-to-host1-#700,1500,+7e+08ns,+1.69264e+09ns,992643750,1,1.0.0.1
pk-host1-to-host2-#702,1500,+7e+08ns,+1.69264e+09ns,992643750,1,1.0.0.2
pk-host2-to-host1-#704,1500,+7e+08ns,+1.69264e+09ns,992643750,1,1.0.0.3
pk-host4-to-host1-#208,1500,+2e+08ns,+1.69264e+09ns,1492643750,2,1.0.0.5
pk-host0-to-host1-#701,1500,+7e+08ns,+1.70464e+09ns,1004643750,1,1.0.0.1
pk-host1-to-host2-#703,1500,+7e+08ns,+1.70464e+09ns,1004643750,1,1.0.0.2
pk-host2-to-host1-#705,1500,+7e+08ns,+1.70464e+09ns,1004643750,1,1.0.0.3
pk-host3-to-host1-#506,1500,+5e+08ns,+1.70464e+09ns,1204643750,1,1.0.0.4
pk-host0-to-host1-#710,1500,+7.1e+08ns,+1.71664e+09ns,1006643750,1,1.0.0.1
pk-host1-to-host2-#712,1500,+7.1e+08ns,+1.71664e+09ns,1006643750,1,1.0.0.2
pk-host2-to-host1-#714,1500,+7.1e+08ns,+1.71664e+09ns,1006643750,1,1.0.0.3
pk-host4-to-host1-#209,1500,+2e+08ns,+1.71664e+09ns,1516643750,2,1.0.0.5
pk-host0-to-host1-#711,1500,+7.1e+08ns,+1.72864e+09ns,1018643750,1,1.0.0.1
pk-host1-to-host2-#713,1500,+7.1e+08ns,+1.72864e+09ns,1018643750,1,1.0.0.2
pk-host2-to-host1-#715,1500,+7.1e+08ns,+1.72864e+09ns,1018643750,1,1.0.0.3
pk-host4-to-host1-#218,1500,+2.1e+08ns,+1.72864e+09ns,1518643750,2,1.0.0.5
pk-host0-to-host1-#720,1500,+7.2e+08ns,+1.74064e+09ns,1020643750,1,1.0.0.1
pk-host1-to-host2-#722,1500,+7.2e+08ns,+1.74064e+09ns,1020643750,1,1.0.0.2
pk-host2-to-host1-#724,1500,+7.2e+08ns,+1.74064e+09ns,1020643750,1,1.0.0.3
pk-host4-to-host1-#219,1500,+2.1e+08ns,+1.74064e+09ns,1530643750,2,1.0.0.5
pk-host0-to-host1-#721,1500,+7.2e+08ns,+1.75264e+09ns,1032643750,1,1.0.0.1
pk-host1-to-host2-#723,1500,+7.2e+08ns,+1.75264e+09ns,1032643750,1,1.0.0.2
pk-host2-to-host1-#725,1500,+7.2e+08ns,+1.75264e+09ns,1032643750,1,1.0.0.3
pk-host3-to-host1-#546,1500,+5.4e+08ns,+1.75264e+09ns,1212643750,1,1.0.0.4
pk-host0-to-host1-#730,1500,+7.3e+08ns,+1.76464e+09ns,1034643750,1,1.0.0.1
pk-host1-to-host2-#732,1500,+7.3e+08ns,+1.76464e+09ns,1034643750,1,1.0.0.2
pk-host2-to-host1-#734,1500,+7.3e+08ns,+1.76464e+09ns,1034643750,1,1.0.0.3
pk-host4-to-host1-#229,1500,+2.2e+08ns,+1.76464e+09ns,1544643750,2,1.0.0.5
pk-host0-to-host1-#731,1500,+7.3e+08ns,+1.77664e+09ns,1046643750,1,1.0.0.1
pk-host1-to-host2-#733,1500,+7.3e+08ns,+1.77664e+09ns,1046643750,1,1.0.0.2
pk-host2-to-host1-#735,1500,+7.3e+08ns,+1.77664e+09ns,1046643750,1,1.0.0.3
pk-host4-to-host1-#238,1500,+2.3e+08ns,+1.77664e+09ns,1546643750,2,1.0.0.5
pk-host0-to-host1-#740,1500,+7.4e+08ns,+1.78864e+09ns,1048643750,1,1.0.0.1
pk-host1-to-host2-#742,1500,+7.4e+08ns,+1.78864e+09ns,1048643750,1,1.0.0.2
pk-host2-to-host1-#744,1500,+7.4e+08ns,+1.78864e+09ns,1048643750,1,1.0.0.3
pk-host4-to-host1-#239,1500,+2.3e+08ns,+1.78864e+09ns,1558643750,2,1.0.0.5
pk-host0-to-host1-#741,1500,+7.4e+08ns,+1.80064e+09ns,1060643750,1,1.0.0.1
pk-host1-to-host2-#743,1500,+7.4e+08ns,+1.80064e+09ns,1060643750,1,1.0.0.2
pk-host2-to-host1-#745,1500,+7.4e+08ns,+1.80064e+09ns,1060643750,1,1.0.0.3
pk-host4-to-host1-#248,1500,+2.4e+08ns,+1.80064e+09ns,1560643750,2,1.0.0.5
pk-host0-to-host1-#750,1500,+7.5e+08ns,+1.81264e+09ns,1062643750,1,1.0.0.1
pk-host1-to-host2-#752,1500,+7.5e+08ns,+1.81264e+09ns,1062643750,1,1.0.0.2
pk-host2-to-host1-#754,1500,+7.5e+08ns,+1.81264e+09ns,1062643750,1,1.0.0.3
pk-host3-to-host1-#606,1500,+6e+08ns,+1.81264e+09ns,1212643750,1,1.0.0.4
pk-host0-to-host1-#751,1500,+7.5e+08ns,+1.82464e+09ns,1074643750,1,1.0.0.1
pk-host1-to-host2-#753,1500,+7.5e+08ns,+1.82464e+09ns,1074643750,1,1.0.0.2
pk-host2-to-host1-#755,1500,+7.5e+08ns,+1.82464e+09ns,1074643750,1,1.0.0.3
pk-host4-to-host1-#258,1500,+2.5e+08ns,+1.82464e+09ns,1574643750,2,1.0.0.5
pk-host0-to-host1-#760,1500,+7.6e+08ns,+1.83664e+09ns,1076643750,1,1.0.0.1
pk-host1-to-host2-#762,1500,+7.6e+08ns,+1.83664e+09ns,1076643750,1,1.0.0.2
pk-host2-to-host1-#764,1500,+7.6e+08ns,+1.83664e+09ns,1076643750,1,1.0.0.3
pk-host4-to-host1-#259,1500,+2.5e+08ns,+1.83664e+09ns,1586643750,2,1.0.0.5
pk-host0-to-host1-#761,1500,+7.6e+08ns,+1.84864e+09ns,1088643750,1,1.0.0.1
pk-host1-to-host2-#763,1500,+7.6e+08ns,+1.84864e+09ns,1088643750,1,1.0.0.2
pk-host2-to-host1-#765,1500,+7.6e+08ns,+1.84864e+09ns,1088643750,1,1.0.0.3
pk-host4-to-host1-#268,1500,+2.6e+08ns,+1.84864e+09ns,1588643750,2,1.0.0.5
pk-host0-to-host1-#770,1500,+7.7e+08ns,+1.86064e+09ns,1090643750,1,1.0.0.1
pk-host1-to-host2-#772,1500,+7.7e+08ns,+1.86064e+09ns,1090643750,1,1.0.0.2
pk-host2-to-host1-#774,1500,+7.7e+08ns,+1.86064e+09ns,1090643750,1,1.0.0.3
pk-host4-to-host1-#269,1500,+2.6e+08ns,+1.86064e+09ns,1600643750,2,1.0.0.5
pk-host0-to-host1-#771,1500,+7.7e+08ns,+1.87264e+09ns,1102643750,1,1.0.0.1
pk-host1-to-host2-#773,1500,+7.7e+08ns,+1.87264e+09ns,1102643750,1,1.0.0.2
pk-host2-to-host1-#775,1500,+7.7e+08ns,+1.87264e+09ns,1102643750,1,1.0.0.3
pk-host3-to-host1-#666,1500,+6.6e+08ns,+1.87264e+09ns,1212643750,1,1.0.0.4
pk-host0-to-host1-#780,1500,+7.8e+08ns,+1.88464e+09ns,1104643750,1,1.0.0.1
pk-host1-to-host2-#782,1500,+7.8e+08ns,+1.88464e+09ns,1104643750,1,1.0.0.2
pk-host2-to-host1-#784,1500,+7.8e+08ns,+1.88464e+09ns,1104643750,1,1.0.0.3
pk-host4-to-host1-#279,1500,+2.7e+08ns,+1.88464e+09ns,1614643750,2,1.0.0.5
pk-host0-to-host1-#781,1500,+7.8e+08ns,+1.89664e+09ns,1116643750,1,1.0.0.1
pk-host1-to-host2-#783,1500,+7.8e+08ns,+1.89664e+09ns,1116643750,1,1.0.0.2
pk-host2-to-host1-#785,1500,+7.8e+08ns,+1.89664e+09ns,1116643750,1,1.0.0.3
pk-host4-to-host1-#288,1500,+2.8e+08ns,+1.89664e+09ns,1616643750,2,1.0.0.5
pk-host0-to-host1-#790,1500,+7.9e+08ns,+1.90864e+09ns,1118643750,1,1.0.0.1
pk-host1-to-host2-#792,1500,+7.9e+08ns,+1.90864e+09ns,1118643750,1,1.0.0.2
pk-host2-to-host1-#794,1500,+7.9e+08ns,+1.90864e+09ns,1118643750,1,1.0.0.3
pk-host4-to-host1-#289,1500,+2.8e+08ns,+1.90864e+09ns,1628643750,2,1.0.0.5
pk-host0-to-host1-#791,1500,+7.9e+08ns,+1.92064e+09ns,1130643750,1,1.0.0.1
pk-host1-to-host2-#793,1500,+7.9e+08ns,+1.92064e+09ns,1130643750,1,1.0.0.2
pk-host2-to-host1-#795,1500,+7.9e+08ns,+1.92064e+09ns,1130643750,1,1.0.0.3
pk-host4-to-host1-#298,1500,+2.9e+08ns,+1.92064e+09ns,1630643750,2,1.0.0.5
pk-host0-to-host1-#800,1500,+8e+08ns,+1.93264e+09ns,1132643750,1,1.0.0.1
pk-host1-to-host2-#802,1500,+8e+08ns,+1.93264e+09ns,1132643750,1,1.0.0.2
pk-host2-to-host1-#804,1500,+8e+08ns,+1.93264e+09ns,1132643750,1,1.0.0.3
pk-host3-to-host1-#726,1500,+7.2e+08ns,+1.93264e+09ns,1212643750,1,1.0.0.4
pk-host0-to-host1-#801,1500,+8e+08ns,+1.94464e+09ns,1144643750,1,1.0.0.1
pk-host1-to-host2-#803,1500,+8e+08ns,+1.94464e+09ns,1144643750,1,1.0.0.2
pk-host2-to-host1-#805,1500,+8e+08ns,+1.94464e+09ns,1144643750,1,1.0.0.3
pk-host4-to-host1-#308,1500,+3e+08ns,+1.94464e+09ns,1644643750,2,1.0.0.5
pk-host0-to-host1-#810,1500,+8.1e+08ns,+1.95664e+09ns,1146643750,1,1.0.0.1
pk-host1-to-host2-#812,1500,+8.1e+08ns,+1.95664e+09ns,1146643750,1,1.0.0.2
pk-host2-to-host1-#814,1500,+8.1e+08ns,+1.95664e+09ns,1146643750,1,1.0.0.3
pk-host4-to-host1-#309,1500,+3e+08ns,+1.95664e+09ns,1656643750,2,1.0.0.5
pk-host0-to-host1-#811,1500,+8.1e+08ns,+1.96864e+09ns,1158643750,1,1.0.0.1
pk-host1-to-host2-#813,1500,+8.1e+08ns,+1.96864e+09ns,1158643750,1,1.0.0.2
pk-host2-to-host1-#815,1500,+8.1e+08ns,+1.96864e+09ns,1158643750,1,1.0.0.3
pk-host4-to-host1-#318,1500,+3.1e+08ns,+1.96864e+09ns,1658643750,2,1.0.0.5
pk-host0-to-host1-#820,1500,+8.2e+08ns,+1.98064e+09ns,1160643750,1,1.0.0.1
pk-host1-to-host2-#822,1500,+8.2e+08ns,+1.98064e+09ns,1160643750,1,1.0.0.2
pk-host2-to-host1-#824,1500,+8.2e+08ns,+1.98064e+09ns,1160643750,1,1.0.0.3
pk-host4-to-host1-#319,1500,+3.1e+08ns,+1.98064e+09ns,1670643750,2,1.0.0.5
pk-host0-to-host1-#821,1500,+8.2e+08ns,+1.99264e+09ns,1172643750,1,1.0.0.1
pk-host1-to-host2-#823,1500,+8.2e+08ns,+1.99264e+09ns,1172643750,1,1.0.0.2
pk-host2-to-host1-#825,1500,+8.2e+08ns,+1.99264e+09ns,1172643750,1,1.0.0.3
pk-host3-to-host1-#786,1500,+7.8e+08ns,+1.99264e+09ns,1212643750,1,1.0.0.4
pk-host0-to-host1-#830,1500,+8.3e+08ns,+2.00464e+09ns,1174643750,1,1.0.0.1
pk-host1-to-host2-#832,1500,+8.3e+08ns,+2.00464e+09ns,1174643750,1,1.0.0.2
pk-host2-to-host1-#834,1500,+8.3e+08ns,+2.00464e+09ns,1174643750,1,1.0.0.3
pk-host4-to-host1-#329,1500,+3.2e+08ns,+2.00464e+09ns,1684643750,2,1.0.0.5
pk-host0-to-host1-#831,1500,+8.3e+08ns,+2.01664e+09ns,1186643750,1,1.0.0.1
pk-host1-to-host2-#833,1500,+8.3e+08ns,+2.01664e+09ns,1186643750,1,1.0.0.2
pk-host2-to-host1-#835,1500,+8.3e+08ns,+2.01664e+09ns,1186643750,1,1.0.0.3
pk-host4-to-host1-#338,1500,+3.3e+08ns,+2.01664e+09ns,1686643750,2,1.0.0.5
pk-host0-to-host1-#840,1500,+8.4e+08ns,+2.02864e+09ns,1188643750,1,1.0.0.1
pk-host1-to-host2-#842,1500,+8.4e+08ns,+2.02864e+09ns,1188643750,1,1.0.0.2
pk-host2-to-host1-#844,1500,+8.4e+08ns,+2.02864e+09ns,1188643750,1,1.0.0.3
pk-host4-to-host1-#339,1500,+3.3e+08ns,+2.02864e+09ns,1698643750,2,1.0.0.5
pk-host0-to-host1-#841,1500,+8.4e+08ns,+2.04064e+09ns,1200643750,1,1.0.0.1
pk-host1-to-host2-#843,1500,+8.4e+08ns,+2.04064e+09ns,1200643750,1,1.0.0.2
pk-host2-to-host1-#845,1500,+8.4e+08ns,+2.04064e+09ns,1200643750,1,1.0.0.3
pk-host4-to-host1-#348,1500,+3.4e+08ns,+2.04064e+09ns,1700643750,2,1.0.0.5
pk-host0-to-host1-#850,1500,+8.5e+08ns,+2.05264e+09ns,1202643750,1,1.0.0.1
pk-host1-to-host2-#852,1500,+8.5e+08ns,+2.05264e+09ns,1202643750,1,1.0.0.2
pk-host2-to-host1-#854,1500,+8.5e+08ns,+2.05264e+09ns,1202643750,1,1.0.0.3
pk-host3-to-host1-#846,1500,+8.4e+08ns,+2.05264e+09ns,1212643750,1,1.0.0.4
pk-host0-to-host1-#860,1500,+8.6e+08ns,+2.06464e+09ns,1204643750,1,1.0.0.1
pk-host1-to-host2-#862,1500,+8.6e+08ns,+2.06464e+09ns,1204643750,1,1.0.0.2
pk-host2-to-host1-#864,1500,+8.6e+08ns,+2.06464e+09ns,1204643750,1,1.0.0.3
pk-host4-to-host1-#358,1500,+3.5e+08ns,+2.06464e+09ns,1714643750,2,1.0.0.5
pk-host0-to-host1-#870,1500,+8.7e+08ns,+2.07664e+09ns,1206643750,1,1.0.0.1
pk-host1-to-host2-#872,1500,+8.7e+08ns,+2.07664e+09ns,1206643750,1,1.0.0.2
pk-host2-to-host1-#874,1500,+8.7e+08ns,+2.07664e+09ns,1206643750,1,1.0.0.3
pk-host4-to-host1-#359,1500,+3.5e+08ns,+2.07664e+09ns,1726643750,2,1.0.0.5
pk-host0-to-host1-#880,1500,+8.8e+08ns,+2.08864e+09ns,1208643750,1,1.0.0.1
pk-host1-to-host2-#882,1500,+8.8e+08ns,+2.08864e+09ns,1208643750,1,1.0.0.2
pk-host2-to-host1-#884,1500,+8.8e+08ns,+2.08864e+09ns,1208643750,1,1.0.0.3
pk-host4-to-host1-#368,1500,+3.6e+08ns,+2.08864e+09ns,1728643750,2,1.0.0.5
pk-host0-to-host1-#890,1500,+8.9e+08ns,+2.10064e+09ns,1210643750,1,1.0.0.1
pk-host1-to-host2-#892,1500,+8.9e+08ns,+2.10064e+09ns,1210643750,1,1.0.0.2
pk-host2-to-host1-#894,1500,+8.9e+08ns,+2.10064e+09ns,1210643750,1,1.0.0.3
pk-host4-to-host1-#369,1500,+3.6e+08ns,+2.10064e+09ns,1740643750,2,1.0.0.5
pk-host0-to-host1-#900,1500,+9e+08ns,+2.11264e+09ns,1212643750,1,1.0.0.1
pk-host1-to-host2-#902,1500,+9e+08ns,+2.11264e+09ns,1212643750,1,1.0.0.2
pk-host2-to-host1-#904,1500,+9e+08ns,+2.11264e+09ns,1212643750,1,1.0.0.3
pk-host3-to-host1-#906,1500,+9e+08ns,+2.11264e+09ns,1212643750,1,1.0.0.4
pk-host0-to-host1-#920,1500,+9.2e+08ns,+2.12464e+09ns,1204643750,1,1.0.0.1
pk-host1-to-host2-#922,1500,+9.2e+08ns,+2.12464e+09ns,1204643750,1,1.0.0.2
pk-host2-to-host1-#924,1500,+9.2e+08ns,+2.12464e+09ns,1204643750,1,1.0.0.3
pk-host4-to-host1-#379,1500,+3.7e+08ns,+2.12464e+09ns,1754643750,2,1.0.0.5
pk-host0-to-host1-#930,1500,+9.3e+08ns,+2.13664e+09ns,1206643750,1,1.0.0.1
pk-host1-to-host2-#932,1500,+9.3e+08ns,+2.13664e+09ns,1206643750,1,1.0.0.2
pk-host2-to-host1-#934,1500,+9.3e+08ns,+2.13664e+09ns,1206643750,1,1.0.0.3
pk-host4-to-host1-#388,1500,+3.8e+08ns,+2.13664e+09ns,1756643750,2,1.0.0.5
pk-host0-to-host1-#940,1500,+9.4e+08ns,+2.14864e+09ns,1208643750,1,1.0.0.1
pk-host1-to-host2-#942,1500,+9.4e+08ns,+2.14864e+09ns,1208643750,1,1.0.0.2
pk-host2-to-host1-#944,1500,+9.4e+08ns,+2.14864e+09ns,1208643750,1,1.0.0.3
pk-host4-to-host1-#389,1500,+3.8e+08ns,+2.14864e+09ns,1768643750,2,1.0.0.5
pk-host0-to-host1-#950,1500,+9.5e+08ns,+2.16064e+09ns,1210643750,1,1.0.0.1
pk-host1-to-host2-#952,1500,+9.5e+08ns,+2.16064e+09ns,1210643750,1,1.0.0.2
pk-host2-to-host1-#954,1500,+9.5e+08ns,+2.16064e+09ns,1210643750,1,1.0.0.3
pk-host4-to-host1-#398,1500,+3.9e+08ns,+2.16064e+09ns,1770643750,2,1.0.0.5
pk-host0-to-host1-#960,1500,+9.6e+08ns,+2.17264e+09ns,1212643750,1,1.0.0.1
pk-host1-to-host2-#962,1500,+9.6e+08ns,+2.17264e+09ns,1212643750,1,1.0.0.2
pk-host2-to-host1-#964,1500,+9.6e+08ns,+2.17264e+09ns,1212643750,1,1.0.0.3
pk-host3-to-host1-#966,1500,+9.6e+08ns,+2.17264e+09ns,1212643750,1,1.0.0.4
pk-host0-to-host1-#980,1500,+9.8e+08ns,+2.18464e+09ns,1204643750,1,1.0.0.1
pk-host1-to-host2-#982,1500,+9.8e+08ns,+2.18464e+09ns,1204643750,1,1.0.0.2
pk-host2-to-host1-#984,1500,+9.8e+08ns,+2.18464e+09ns,1204643750,1,1.0.0.3
pk-host4-to-host1-#408,1500,+4e+08ns,+2.18464e+09ns,1784643750,2,1.0.0.5
pk-host0-to-host1-#990,1500,+9.9e+08ns,+2.19664e+09ns,1206643750,1,1.0.0.1
pk-host1-to-host2-#992,1500,+9.9e+08ns,+2.19664e+09ns,1206643750,1,1.0.0.2
pk-host2-to-host1-#994,1500,+9.9e+08ns,+2.19664e+09ns,1206643750,1,1.0.0.3
pk-host4-to-host1-#409,1500,+4e+08ns,+2.19664e+09ns,1796643750,2,1.0.0.5
pk-host0-to-host1-#1000,1500,+1e+09ns,+2.20864e+09ns,1208643750,1,1.0.0.1
pk-host1-to-host2-#1002,1500,+1e+09ns,+2.20864e+09ns,1208643750,1,1.0.0.2
pk-host2-to-host1-#1004,1500,+1e+09ns,+2.20864e+09ns,1208643750,1,1.0.0.3
pk-host4-to-host1-#418,1500,+4.1e+08ns,+2.20864e+09ns,1798643750,2,1.0.0.5
pk-host4-to-host1-#419,1500,+4.1e+08ns,+2.22064e+09ns,1810643750,2,1.0.0.5
pk-host4-to-host1-#428,1500,+4.2e+08ns,+2.23264e+09ns,1812643750,2,1.0.0.5
pk-host4-to-host1-#429,1500,+4.2e+08ns,+2.24464e+09ns,1824643750,2,1.0.0.5
pk-host4-to-host1-#438,1500,+4.3e+08ns,+2.25664e+09ns,1826643750,2,1.0.0.5
pk-host4-to-host1-#439,1500,+4.3e+08ns,+2.26864e+09ns,1838643750,2,1.0.0.5
pk-host4-to-host1-#448,1500,+4.4e+08ns,+2.28064e+09ns,1840643750,2,1.0.0.5
pk-host4-to-host1-#449,1500,+4.4e+08ns,+2.29264e+09ns,1852643750,2,1.0.0.5
pk-host4-to-host1-#458,1500,+4.5e+08ns,+2.30464e+09ns,1854643750,2,1.0.0.5
pk-host4-to-host1-#459,1500,+4.5e+08ns,+2.31664e+09ns,1866643750,2,1.0.0.5
pk-host4-to-host1-#468,1500,+4.6e+08ns,+2.32864e+09ns,1868643750,2,1.0.0.5
pk-host4-to-host1-#469,1500,+4.6e+08ns,+2.34064e+09ns,1880643750,2,1.0.0.5
pk-host4-to-host1-#478,1500,+4.7e+08ns,+2.35264e+09ns,1882643750,2,1.0.0.5
pk-host4-to-host1-#479,1500,+4.7e+08ns,+2.36464e+09ns,1894643750,2,1.0.0.5
pk-host4-to-host1-#488,1500,+4.8e+08ns,+2.37664e+09ns,1896643750,2,1.0.0.5
pk-host4-to-host1-#489,1500,+4.8e+08ns,+2.38864e+09ns,1908643750,2,1.0.0.5
pk-host4-to-host1-#498,1500,+4.9e+08ns,+2.40064e+09ns,1910643750,2,1.0.0.5
pk-host4-to-host1-#499,1500,+4.9e+08ns,+2.41264e+09ns,1922643750,2,1.0.0.5
pk-host4-to-host1-#508,1500,+5e+08ns,+2.42464e+09ns,1924643750,2,1.0.0.5
pk-host4-to-host1-#509,1500,+5e+08ns,+2.43664e+09ns,1936643750,2,1.0.0.5
pk-host4-to-host1-#518,1500,+5.1e+08ns,+2.44864e+09ns,1938643750,2,1.0.0.5
pk-host4-to-host1-#519,1500,+5.1e+08ns,+2.46064e+09ns,1950643750,2,1.0.0.5
pk-host4-to-host1-#528,1500,+5.2e+08ns,+2.47264e+09ns,1952643750,2,1.0.0.5
pk-host4-to-host1-#529,1500,+5.2e+08ns,+2.48464e+09ns,1964643750,2,1.0.0.5
pk-host4-to-host1-#538,1500,+5.3e+08ns,+2.49664e+09ns,1966643750,2,1.0.0.5
pk-host4-to-host1-#539,1500,+5.3e+08ns,+2.50864e+09ns,1978643750,2,1.0.0.5
pk-host4-to-host1-#548,1500,+5.4e+08ns,+2.52064e+09ns,1980643750,2,1.0.0.5
pk-host4-to-host1-#549,1500,+5.4e+08ns,+2.53264e+09ns,1992643750,2,1.0.0.5
pk-host4-to-host1-#558,1500,+5.5e+08ns,+2.54464e+09ns,1994643750,2,1.0.0.5
pk-host4-to-host1-#559,1500,+5.5e+08ns,+2.55664e+09ns,2006643750,2,1.0.0.5
pk-host4-to-host1-#568,1500,+5.6e+08ns,+2.56864e+09ns,2008643750,2,1.0.0.5
pk-host4-to-host1-#569,1500,+5.6e+08ns,+2.58064e+09ns,2020643750,2,1.0.0.5
pk-host4-to-host1-#578,1500,+5.7e+08ns,+2.59264e+09ns,2022643750,2,1.0.0.5
pk-host4-to-host1-#579,1500,+5.7e+08ns,+2.60464e+09ns,2034643750,2,1.0.0.5
pk-host4-to-host1-#588,1500,+5.8e+08ns,+2.61664e+09ns,2036643750,2,1.0.0.5
pk-host4-to-host1-#589,1500,+5.8e+08ns,+2.62864e+09ns,2048643750,2,1.0.0.5
pk-host4-to-host1-#598,1500,+5.9e+08ns,+2.64064e+09ns,2050643750,2,1.0.0.5
pk-host4-to-host1-#599,1500,+5.9e+08ns,+2.65264e+09ns,2062643750,2,1.0.0.5
pk-host4-to-host1-#608,1500,+6e+08ns,+2.66464e+09ns,2064643750,2,1.0.0.5
pk-host4-to-host1-#609,1500,+6e+08ns,+2.67664e+09ns,2076643750,2,1.0.0.5
pk-host4-to-host1-#618,1500,+6.1e+08ns,+2.68864e+09ns,2078643750,2,1.0.0.5
pk-host4-to-host1-#619,1500,+6.1e+08ns,+2.70064e+09ns,2090643750,2,1.0.0.5
pk-host4-to-host1-#628,1500,+6.2e+08ns,+2.71264e+09ns,2092643750,2,1.0.0.5
pk-host4-to-host1-#629,1500,+6.2e+08ns,+2.72464e+09ns,2104643750,2,1.0.0.5
pk-host4-to-host1-#638,1500,+6.3e+08ns,+2.73664e+09ns,2106643750,2,1.0.0.5
pk-host4-to-host1-#639,1500,+6.3e+08ns,+2.74864e+09ns,2118643750,2,1.0.0.5
pk-host4-to-host1-#648,1500,+6.4e+08ns,+2.76064e+09ns,2120643750,2,1.0.0.5
pk-host4-to-host1-#649,1500,+6.4e+08ns,+2.77264e+09ns,2132643750,2,1.0.0.5
pk-host4-to-host1-#658,1500,+6.5e+08ns,+2.78464e+09ns,2134643750,2,1.0.0.5
pk-host4-to-host1-#659,1500,+6.5e+08ns,+2.79664e+09ns,2146643750,2,1.0.0.5
pk-host4-to-host1-#668,1500,+6.6e+08ns,+2.80864e+09ns,2148643750,2,1.0.0.5
pk-host4-to-host1-#669,1500,+6.6e+08ns,+2.82064e+09ns,2160643750,2,1.0.0.5
pk-host4-to-host1-#678,1500,+6.7e+08ns,+2.83264e+09ns,2162643750,2,1.0.0.5
pk-host4-to-host1-#679,1500,+6.7e+08ns,+2.84464e+09ns,2174643750,2,1.0.0.5
pk-host4-to-host1-#688,1500,+6.8e+08ns,+2.85664e+09ns,2176643750,2,1.0.0.5
pk-host4-to-host1-#689,1500,+6.8e+08ns,+2.86864e+09ns,2188643750,2,1.0.0.5
pk-host4-to-host1-#698,1500,+6.9e+08ns,+2.88064e+09ns,2190643750,2,1.0.0.5
pk-host4-to-host1-#699,1500,+6.9e+08ns,+2.89264e+09ns,2202643750,2,1.0.0.5
pk-host4-to-host1-#708,1500,+7e+08ns,+2.90464e+09ns,2204643750,2,1.0.0.5
pk-host4-to-host1-#709,1500,+7e+08ns,+2.91664e+09ns,2216643750,2,1.0.0.5
pk-host4-to-host1-#718,1500,+7.1e+08ns,+2.92864e+09ns,2218643750,2,1.0.0.5
pk-host4-to-host1-#719,1500,+7.1e+08ns,+2.94064e+09ns,2230643750,2,1.0.0.5
pk-host4-to-host1-#728,1500,+7.2e+08ns,+2.95264e+09ns,2232643750,2,1.0.0.5
pk-host4-to-host1-#729,1500,+7.2e+08ns,+2.96464e+09ns,2244643750,2,1.0.0.5
pk-host4-to-host1-#738,1500,+7.3e+08ns,+2.97664e+09ns,2246643750,2,1.0.0.5
pk-host4-to-host1-#739,1500,+7.3e+08ns,+2.98864e+09ns,2258643750,2,1.0.0.5
pk-host4-to-host1-#748,1500,+7.4e+08ns,+3.00064e+09ns,2260643750,2,1.0.0.5
pk-host4-to-host1-#749,1500,+7.4e+08ns,+3.01264e+09ns,2272643750,2,1.0.0.5
pk-host4-to-host1-#758,1500,+7.5e+08ns,+3.02464e+09ns,2274643750,2,1.0.0.5
pk-host4-to-host1-#759,1500,+7.5e+08ns,+3.03664e+09ns,2286643750,2,1.0.0.5
pk-host4-to-host1-#768,1500,+7.6e+08ns,+3.04864e+09ns,2288643750,2,1.0.0.5
pk-host4-to-host1-#769,1500,+7.6e+08ns,+3.06064e+09ns,2300643750,2,1.0.0.5
pk-host4-to-host1-#778,1500,+7.7e+08ns,+3.07264e+09ns,2302643750,2,1.0.0.5
pk-host4-to-host1-#779,1500,+7.7e+08ns,+3.08464e+09ns,2314643750,2,1.0.0.5
pk-host4-to-host1-#788,1500,+7.8e+08ns,+3.09664e+09ns,2316643750,2,1.0.0.5
pk-host4-to-host1-#789,1500,+7.8e+08ns,+3.10864e+09ns,2328643750,2,1.0.0.5
pk-host4-to-host1-#798,1500,+7.9e+08ns,+3.12064e+09ns,2330643750,2,1.0.0.5
pk-host4-to-host1-#799,1500,+7.9e+08ns,+3.13264e+09ns,2342643750,2,1.0.0.5
pk-host4-to-host1-#808,1500,+8e+08ns,+3.14464e+09ns,2344643750,2,1.0.0.5
pk-host4-to-host1-#809,1500,+8e+08ns,+3.15664e+09ns,2356643750,2,1.0.0.5
pk-host4-to-host1-#818,1500,+8.1e+08ns,+3.16864e+09ns,2358643750,2,1.0.0.5
pk-host4-to-host1-#819,1500,+8.1e+08ns,+3.18064e+09ns,2370643750,2,1.0.0.5
pk-host4-to-host1-#828,1500,+8.2e+08ns,+3.19264e+09ns,2372643750,2,1.0.0.5
pk-host4-to-host1-#829,1500,+8.2e+08ns,+3.20464e+09ns,2384643750,2,1.0.0.5
pk-host4-to-host1-#838,1500,+8.3e+08ns,+3.21664e+09ns,2386643750,2,1.0.0.5
pk-host4-to-host1-#839,1500,+8.3e+08ns,+3.22864e+09ns,2398643750,2,1.0.0.5
pk-host4-to-host1-#848,1500,+8.4e+08ns,+3.24064e+09ns,2400643750,2,1.0.0.5
pk-host4-to-host1-#849,1500,+8.4e+08ns,+3.25264e+09ns,2412643750,2,1.0.0.5
pk-host4-to-host1-#858,1500,+8.5e+08ns,+3.26464e+09ns,2414643750,2,1.0.0.5
pk-host4-to-host1-#868,1500,+8.6e+08ns,+3.27664e+09ns,2416643750,2,1.0.0.5
pk-host4-to-host1-#878,1500,+8.7e+08ns,+3.28864e+09ns,2418643750,2,1.0.0.5
pk-host4-to-host1-#888,1500,+8.8e+08ns,+3.30064e+09ns,2420643750,2,1.0.0.5
pk-host4-to-host1-#898,1500,+8.9e+08ns,+3.31264e+09ns,2422643750,2,1.0.0.5
pk-host4-to-host1-#908,1500,+9e+08ns,+3.32464e+09ns,2424643750,2,1.0.0.5
pk-host4-to-host1-#928,1500,+9.2e+08ns,+3.33664e+09ns,2416643750,2,1.0.0.5
pk-host4-to-host1-#938,1500,+9.3e+08ns,+3.34864e+09ns,2418643750,2,1.0.0.5
pk-host4-to-host1-#948,1500,+9.4e+08ns,+3.36064e+09ns,2420643750,2,1.0.0.5
pk-host4-to-host1-#958,1500,+9.5e+08ns,+3.37264e+09ns,2422643750,2,1.0.0.5
pk-host4-to-host1-#968,1500,+9.6e+08ns,+3.38464e+09ns,2424643750,2,1.0.0.5
pk-host4-to-host1-#988,1500,+9.8e+08ns,+3.39664e+09ns,2416643750,2,1.0.0.5
pk-host4-to-host1-#998,1500,+9.9e+08ns,+3.40864e+09ns,2418643750,2,1.0.0.5
pk-host4-to-host1-#1008,1500,+1e+09ns,+3.42064e+09ns,2420643750,2,1.0.0.5
